,User,Date,Tweet,Tweets Ago,Compound,Negative,Neutral,Positive
0,@Quantstamp,Wed Oct 10 17:56:05 +0000 2018,"Seen here at 10 years old in Siberia, VP of Strategy @OlgaVMack has come a long way to be standing on the‚Ä¶ https://t.co/tSmSdsHCoz",1,0.0,1.0,0.0,0.0
1,@Quantstamp,Wed Oct 10 15:14:04 +0000 2018,"RT @kellytobias123: Today in Seoul, #IOST CEO @jimmyzhong_iost will speak on a panel alongside @sheila_warren - Head of #Blockchain at the‚Ä¶",2,0.0,1.0,0.0,0.0
2,@Quantstamp,Tue Oct 09 03:55:19 +0000 2018,"RT @Fluence_One: Ed Zulkoski, Senior Security Engineer at @Quantstamp: decentralized approaches to smart contract analysis
@SFBWofficial #s‚Ä¶",3,0.6249,0.746,0.0,0.254
3,@Quantstamp,Tue Oct 09 02:56:27 +0000 2018,RT @golemproject: Full house at the @polychaincap meetup feat. @Fluence_One @nucypher @Quantstamp @PerlinNetwork &amp; us! https://t.co/G4uj6gn‚Ä¶,4,0.0,1.0,0.0,0.0
4,@Quantstamp,Mon Oct 08 16:22:05 +0000 2018,"Join us at @polychaincap for ‚ÄúWeb3 stack, what‚Äôs next for developers?‚Äù
Monday evening with our friends @nucypher‚Ä¶ https://t.co/IXd3xysRlw",5,0.6486,0.751,0.0,0.249
5,@Quantstamp,Mon Oct 08 16:19:14 +0000 2018,RT @golemproject: PSA! In #SFBW? Join us today at the @polychaincap alongside @Quantstamp @Fluence_One @nucypher @PerlinNetwork for a meetu‚Ä¶,6,0.3595,0.872,0.0,0.128
6,@Quantstamp,Mon Oct 08 00:33:52 +0000 2018,Our Community Manager @JaredHarrill announces our bounty winner at @EthSanFrancisco https://t.co/k3BMafqxxu,7,0.5859,0.725,0.0,0.275
7,@Quantstamp,Sun Oct 07 22:57:04 +0000 2018,Congratulations to our engineer Michael Teixeira and his team Blocusign for winning a @Bloom bounty for their merkl‚Ä¶ https://t.co/q3OzXYp99v,8,0.8074,0.687,0.0,0.313
8,@Quantstamp,Sun Oct 07 22:32:54 +0000 2018,Congratulations to @jacobmort and his project Quantstamp Badge for winning the @ETHSanfrancisco Quantstamp bounty f‚Ä¶ https://t.co/2inNAfHPah,9,0.8074,0.657,0.0,0.343
9,@Quantstamp,Sat Oct 06 05:30:49 +0000 2018,Hacking at @ETHSanFrancisco this weekend? Check out our bounties - over $5K in prizes to make smart contracts safer‚Ä¶ https://t.co/2cXXGxna4e,10,0.6908,0.749,0.0,0.251
10,@Quantstamp,Fri Oct 05 22:32:02 +0000 2018,"As mentioned, we‚Äôre now enlisting node operators for Betanet! Apply below and we‚Äôll be in touch if you meet all the‚Ä¶ https://t.co/ztEiGVMO5l",11,0.0,1.0,0.0,0.0
11,@Quantstamp,Fri Oct 05 22:30:25 +0000 2018,Protocol Weekly is a newsletter to showcase the progress of Ethereum layer-2 protocols. Thanks for including us‚Ä¶ https://t.co/85MYvZOM85,12,0.6908,0.725,0.0,0.275
12,@Quantstamp,Fri Oct 05 20:50:05 +0000 2018,Our VP of Strategy @OlgaVMack will be at @TEDxSFbay Oct 9 sharing about  #SmartContracts on the #Blockchain &amp; its i‚Ä¶ https://t.co/Z7vFR4B3vB,13,0.4215,0.872,0.0,0.128
13,@Quantstamp,Fri Oct 05 16:10:05 +0000 2018,Interested in working in the #blockchain industry? Join Quantstamp today 2:30pm - 4:30pm at the DC Fishbowl for All‚Ä¶ https://t.co/NTpvfN0MZM,14,0.5994,0.776,0.0,0.224
14,@Quantstamp,Tue Oct 02 16:00:48 +0000 2018,"This past Friday, two blockchain bills were passed in CA. Thank you @OlgaVMack, Quantstamp‚Äôs VP of Strategy, for ed‚Ä¶ https://t.co/NXUpJYFTmc",15,0.3612,0.884,0.0,0.116
15,@Quantstamp,Mon Oct 01 23:07:03 +0000 2018,Quantstamp will be talking All About Blockchains at the University of Waterloo this Friday Oct 5th 2:30pm - 4:30pm‚Ä¶ https://t.co/UyuZa9uS8F,16,0.0,1.0,0.0,0.0
16,@Quantstamp,Fri Sep 28 23:07:01 +0000 2018,"Congratulations to @chain_security, for open sourcing securify. https://t.co/BgwgAPgDmm",17,0.5994,0.642,0.0,0.358
17,@Quantstamp,Thu Sep 27 19:00:11 +0000 2018,"Betanet release, awards, ETHBerlin - here's what we've been up to recently
https://t.co/IgaHJybYNq https://t.co/lbBE8Q6M9u",18,0.4588,0.8,0.0,0.2
18,@Quantstamp,Tue Sep 25 18:28:38 +0000 2018,We recently signed an MOU with the Mythril team to focus on synergies between our protocol + the Mythril Platform a‚Ä¶ https://t.co/iU4OUtkqC0,19,0.0,1.0,0.0,0.0
19,@Quantstamp,Mon Sep 24 01:03:08 +0000 2018,RT @TEDxSFbay: #DareToKnow @Quantstamp's VP Strategy @OlgaVMack &amp; learn more about #SmartContract on the #Blockchain &amp; its intersection wit‚Ä¶,20,0.0,1.0,0.0,0.0
20,@Quantstamp,Sat Sep 22 02:24:39 +0000 2018,We were thrilled to have our CTO and co-founder Steven Stewart present at CodeX @Stanford today. CodeX is a collabo‚Ä¶ https://t.co/MOaCFXp0uO,21,0.4404,0.868,0.0,0.132
21,@Quantstamp,Thu Sep 20 04:30:43 +0000 2018,"Quantstamp will be holding a roundtable at GCV Asia Congress today in Hong Kong, to facilitate discussions on mains‚Ä¶ https://t.co/zLnLARU8rK",22,0.0,1.0,0.0,0.0
22,@Quantstamp,Thu Sep 20 04:27:22 +0000 2018,RT @zilliqa: Our Chief Scientific Advisor @prateekatcs's vision CRYSTALlised through new blockchain academic research lab and think tank at‚Ä¶,23,0.25,0.9,0.0,0.1
23,@Quantstamp,Wed Sep 19 15:45:06 +0000 2018,"Proud to be sponsoring the Crystal Center- an NUS think tank leading research in blockchain security.

""We believe‚Ä¶ https://t.co/Z97gxfe2Ry",24,0.6705,0.756,0.0,0.244
24,@Quantstamp,Tue Sep 18 14:24:42 +0000 2018,Live from SuperReturn Asia! https://t.co/MtCMK0kVqQ,25,0.0,1.0,0.0,0.0
25,@Quantstamp,Fri Sep 14 23:33:25 +0000 2018,@jimmytr40736630 @AnirudhaPanda Betanet is on mainnet,26,0.0,1.0,0.0,0.0
26,@Quantstamp,Fri Sep 14 23:08:50 +0000 2018,RT @ETHBerlin: While we are wrapping up our event - there's still SO MUCH to do! hackers &amp; volunteers are already experiencing hackathon wi‚Ä¶,27,0.0,1.0,0.0,0.0
27,@Quantstamp,Fri Sep 14 19:01:09 +0000 2018,Ever wondered about the need for smart contract security or audits?  Here is a framework for understanding the Quan‚Ä¶ https://t.co/8Bcr6l5Ia1,28,0.6249,0.769,0.0,0.231
28,@Quantstamp,Wed Sep 12 19:00:40 +0000 2018,"Part engineer, part lawyer, Quantstamp‚Äôs Linda Selker is an adaptive leader and lifetime student. Our Head of Legal‚Ä¶ https://t.co/o7TZgmPcFh",29,0.0,1.0,0.0,0.0
29,@Quantstamp,Tue Sep 11 17:00:53 +0000 2018,We‚Äôre honored to have our CEO Richard Ma on this recent list of Top 10 Cornell Grads and Faculty in the Cryptocurre‚Ä¶ https://t.co/a2KEOtq1Ye,30,0.6808,0.789,0.0,0.211
30,@Quantstamp,Mon Sep 10 08:07:14 +0000 2018,"RT @wanchain_org: Excited to announce Wanchain 3.0 Alpha Testnet (Bridging Bitcoin &amp; Ethereum) is live, ahead of schedule! So proud of our‚Ä¶",31,0.7257,0.767,0.0,0.233
31,@Quantstamp,Fri Sep 07 03:20:05 +0000 2018,"Quantstamp just won the Global Startup award at Plug and Play Japan demo day!
We were voted international Fintech c‚Ä¶ https://t.co/UgHyNnxu07",32,0.8718,0.645,0.0,0.355
32,@Quantstamp,Wed Sep 05 16:27:33 +0000 2018,@Will74Iam Thank you so much!,33,0.4199,0.589,0.0,0.411
33,@Quantstamp,Wed Sep 05 15:45:13 +0000 2018,Berlin is a gateway to Europe - an epicenter and melting pot of creativity and technology. We are participating in‚Ä¶ https://t.co/17XAJkAgLf,34,0.3818,0.874,0.0,0.126
34,@Quantstamp,Wed Sep 05 03:35:14 +0000 2018,@TopSpottyDog ‚ô•Ô∏è All is great! How are you?,35,0.6588,0.614,0.0,0.386
35,@Quantstamp,Tue Sep 04 23:09:14 +0000 2018,"Thank you all for the incredible support!
We really hope you love using our betanet.
Give it a try @‚Ä¶ https://t.co/AbX7RmDFbl",36,0.9209,0.549,0.0,0.451
36,@Quantstamp,Tue Sep 04 22:44:19 +0000 2018,"@3abaseet Feel free to apply to any open listings here https://t.co/rPm6J1PGMK
We take pride in our team, because w‚Ä¶ https://t.co/eI4xtzWQEW",37,0.6908,0.759,0.0,0.241
37,@Quantstamp,Sun Sep 02 22:35:38 +0000 2018,"RT @walitwit: @Quantstamp ""Users are now able to submit audit requests directly to the beta net. All completed audits will be publically vi‚Ä¶",38,0.0,1.0,0.0,0.0
38,@Quantstamp,Sun Sep 02 22:35:25 +0000 2018,RT @crypto_ninjas: https://t.co/7Kxk8ZWgDG | Quantstamp betanet protocol released on Ethereum mainnet @Quantstamp $QSP,39,0.0,1.0,0.0,0.0
39,@Quantstamp,Sun Sep 02 15:41:12 +0000 2018,RT @ethereumecf: Out in the wild! Congrats to ECF member @Quantstamp for their getaner mainnet launch. Our members are working hard and set‚Ä¶,40,0.5093,0.805,0.054,0.141
40,@Quantstamp,Sat Sep 01 20:00:29 +0000 2018,"RT @BobSummerwill: Go @Quantstamp!  Huge milestone :-)
#ethereum #community https://t.co/c94F7agNtU",41,0.5983,0.621,0.0,0.379
41,@Quantstamp,Sat Sep 01 20:00:18 +0000 2018,"RT @SVK_Crypto: ### THE @SVK_Crypto 15 MINUTES OF CRYPTO FAME PODCAST ###

QUANTSTAMP LAUNCHED ON THE ETHEREUM MAINNET LIVE WITH RICHARD MA‚Ä¶",42,0.7065,0.773,0.0,0.227
42,@Quantstamp,Sat Sep 01 19:59:59 +0000 2018,RT @nucypher: Congrats @Quantstamp on this news! Keep #buidling üôå https://t.co/ogHBeRcnvr,43,0.5707,0.709,0.0,0.291
43,@Quantstamp,Sat Sep 01 19:59:53 +0000 2018,RT @ConsenSysVC: Congratulations to @Quantstamp on reaching this milestone! Their Betanet Protocol is now released on Ethereum¬†Mainnet. htt‚Ä¶,44,0.7177,0.739,0.0,0.261
44,@Quantstamp,Sat Sep 01 19:31:12 +0000 2018,"RT @HashingItOutPod: Episode 20 is out! This week @corpetty and @CollinCusce talk to Kacper BƒÖk, senior research engineer at @Quantstamp.‚Ä¶",45,0.0,1.0,0.0,0.0
45,@Quantstamp,Sat Sep 01 19:31:07 +0000 2018,RT @robindube: .@BDO_Canada partner Graham Marjoribanks recently discussed #Blockchain and #Cryptocurrency  on a panel hosted by @Quantstam‚Ä¶,46,0.0,1.0,0.0,0.0
46,@Quantstamp,Sat Sep 01 19:30:33 +0000 2018,@CollinCusce @HashingItOutPod @thebtcpodcast Thank you so much for the invite! Was an incredible interview,47,0.5255,0.732,0.0,0.268
47,@Quantstamp,Sat Sep 01 19:28:24 +0000 2018,@SVK_Crypto ‚ô•Ô∏è,48,0.0,1.0,0.0,0.0
48,@Quantstamp,Sat Sep 01 19:28:11 +0000 2018,@ICODrops ‚ô•Ô∏è,49,0.0,1.0,0.0,0.0
49,@Quantstamp,Sat Sep 01 19:27:22 +0000 2018,@ConsenSysVC ‚ô•Ô∏è,50,0.0,1.0,0.0,0.0
50,@Quantstamp,Sat Sep 01 19:09:46 +0000 2018,@nucypher ‚ô•Ô∏è,51,0.0,1.0,0.0,0.0
51,@Quantstamp,Sat Sep 01 19:09:27 +0000 2018,@BobSummerwill ‚ô•Ô∏è,52,0.0,1.0,0.0,0.0
52,@Quantstamp,Sat Sep 01 01:20:10 +0000 2018,@Geedora_ Thank you so much for your support!,53,0.6696,0.522,0.0,0.478
53,@Quantstamp,Sat Sep 01 01:20:00 +0000 2018,@Killersmurf10 Thank you so much :),54,0.6983,0.409,0.0,0.591
54,@Quantstamp,Fri Aug 31 21:10:16 +0000 2018,Exciting news: Quantstamp‚Äôs Blockchain Security Protocol is now officially released on the #Ethereum Mainnet. Check‚Ä¶ https://t.co/v1pjZZniwt,55,0.6808,0.714,0.0,0.286
55,@Quantstamp,Fri Aug 31 13:03:03 +0000 2018,Interested in the nitty gritty of Smart Contract Security? Check out this podcast with our Senior Research Engineer‚Ä¶ https://t.co/b6CInzqauD,56,0.7783,0.672,0.0,0.328
56,@Quantstamp,Tue Aug 28 22:00:37 +0000 2018,We've been working hard to get ready for our upcoming Betanet Release. Here's a preview of the new version of the Q‚Ä¶ https://t.co/YT7RgSj8SH,57,0.2732,0.837,0.059,0.105
57,@Quantstamp,Fri Aug 24 18:30:15 +0000 2018,Come around to our Telegram group today at noon PST (in 30 mins) for our weekly Q&amp;A session with CEO and Co-founder‚Ä¶ https://t.co/QgieSPxZ9y,58,0.0,1.0,0.0,0.0
58,@Quantstamp,Fri Aug 24 03:12:42 +0000 2018,RT @shiyankoh: Don of @Quantstamp #cryptoshift #dontgethacked https://t.co/42nPYwpQYt,59,0.0,1.0,0.0,0.0
59,@Quantstamp,Fri Aug 24 03:12:35 +0000 2018,Wow! Our Forward Deployed Engineer Yohei out our Tokyo office is #22 in @capturetheether! Go Go Go!!‚Ä¶ https://t.co/fY4xEkz9NE,60,0.7156,0.774,0.0,0.226
60,@Quantstamp,Thu Aug 23 23:47:04 +0000 2018,@DieterDhondt83 Friday‚Äôs noon pacific,61,0.0,1.0,0.0,0.0
61,@Quantstamp,Thu Aug 23 23:46:22 +0000 2018,Don‚Äôt miss our very own VP of Strategy @OlgaVMack speaking at @TEDxSFbay in October! #SmartContracts #Ethereum‚Ä¶ https://t.co/vObJdNmUrz,62,-0.2244,0.894,0.106,0.0
62,@Quantstamp,Thu Aug 23 18:34:02 +0000 2018,"It was a pleasure to see so many new faces last Friday at our Telegram AMA.

If you missed it, come around to our T‚Ä¶ https://t.co/kKhkX8Eg33",63,0.3612,0.796,0.076,0.128
63,@Quantstamp,Thu Aug 23 15:45:11 +0000 2018,Join us TODAY at the @THEMUSEUM. Check out the speakers list! #Kitchener #Waterloo Get you tickets here‚Ä¶ https://t.co/XSqdh5kqcP,64,0.3595,0.872,0.0,0.128
64,@Quantstamp,Thu Aug 23 00:04:21 +0000 2018,Join us tomorrow at the @THEMUSEUM. Check out the speakers list! #Kitchener #Waterloo Get you tickets here‚Ä¶ https://t.co/6BU7n2oLTn,65,0.3595,0.872,0.0,0.128
65,@Quantstamp,Wed Aug 22 23:07:02 +0000 2018,"We're helping to protect the blockchain. 
Coin Telegraph Japan wrote us up - and created this cool graphic of CEO R‚Ä¶ https://t.co/qe8OHs2P29",66,0.8139,0.643,0.0,0.357
66,@Quantstamp,Wed Aug 22 20:34:39 +0000 2018,"RT @robbiebent1: 1) Collaboration is @ethereum's major strength.  In four months, the ETHSecurity community has grown to 138 members with a‚Ä¶",67,0.4939,0.862,0.0,0.138
67,@Quantstamp,Tue Aug 21 05:32:36 +0000 2018,"RT @nitinsharma1: @ethereum @dfinity @ethstatus @Quantstamp @KeneticCapital @mechanism_labs @MakerDAO @DharmaProtocol @Balance_io 

@sumshe‚Ä¶",68,0.0,1.0,0.0,0.0
68,@Quantstamp,Tue Aug 21 05:32:14 +0000 2018,"RT @nitinsharma1: Amazing interactions at @ethindiaco last weekend, and enjoyed being a judge. Asia's largest Ethereum hackathon in India i‚Ä¶",69,0.7964,0.705,0.0,0.295
69,@Quantstamp,Fri Aug 17 18:08:07 +0000 2018,"In case you missed it, check out our rolling visual guide of where we've been and where we're aiming to go.‚Ä¶ https://t.co/H2YtDJvRu5",70,-0.296,0.905,0.095,0.0
70,@Quantstamp,Fri Aug 17 15:45:02 +0000 2018,Join our CEO and Co-Founder Richard Ma today at noon 12pm PST for our weekly Telegram AMA. Last week we continued d‚Ä¶ https://t.co/rIw2g28WDI,71,0.296,0.909,0.0,0.091
71,@Quantstamp,Thu Aug 16 23:12:23 +0000 2018,RT @ethereumecf: #ETHIndia hacks recap! We are honored to support up-and-coming builders. Would you like us to see if we can help your proj‚Ä¶,72,0.8999,0.625,0.0,0.375
72,@Quantstamp,Thu Aug 16 23:07:02 +0000 2018,Keep up to date on Medium. Check out our last Community Update here: https://t.co/km8PjcUR3C (Aug 3rd 2018) https://t.co/IlEI6V8IGP,73,0.0,1.0,0.0,0.0
73,@Quantstamp,Thu Aug 16 15:45:04 +0000 2018,Looking to have more technical discussions? Ask our amazing admins in our Telegram how!,74,0.6239,0.761,0.0,0.239
74,@Quantstamp,Thu Aug 16 02:59:00 +0000 2018,Join our CEO and Co-Founder Richard Ma this Friday at noon 12pm PST for our weekly Telegram AMA. Last week we conti‚Ä¶ https://t.co/fMUCQwsF80,75,0.296,0.909,0.0,0.091
75,@Quantstamp,Wed Aug 15 23:07:02 +0000 2018,Join us at the @THEMUSEUM August 23rd. We helping host a night on blockchains and Cryptocurrencies where you can le‚Ä¶ https://t.co/8X940CpsMX,76,0.5267,0.804,0.0,0.196
76,@Quantstamp,Wed Aug 15 19:29:52 +0000 2018,"üôå We take pride in our development progress and execution. 
Here's a rolling visual guide to where we've been and w‚Ä¶ https://t.co/ymAWiBGgvL",77,0.6369,0.776,0.0,0.224
77,@Quantstamp,Fri Aug 10 15:45:06 +0000 2018,Jan speaking yesterday at @Stanford about computer aided smart contract verification https://t.co/tAEqKSIYLw,78,0.4019,0.803,0.0,0.197
78,@Quantstamp,Fri Aug 10 13:33:56 +0000 2018,RT @Modular_Inc: We are excited to be a part of the Smart Contract Security Alliance with @Quantstamp! We can't wait to work with them and‚Ä¶,79,0.7777,0.729,0.0,0.271
79,@Quantstamp,Thu Aug 09 23:07:04 +0000 2018,Keep up to date on Medium. Check out our Aug 3rd Update here: https://t.co/km8PjcUR3C https://t.co/gC9UCX0URF,80,0.0,1.0,0.0,0.0
80,@Quantstamp,Thu Aug 09 22:03:01 +0000 2018,"RT @AragonProject: The @AragonProject and @Givethio are proud to announce the launch of Aragon DAC, a Decentralized Altruistic Community on‚Ä¶",81,0.4767,0.853,0.0,0.147
81,@Quantstamp,Thu Aug 09 18:34:02 +0000 2018,Join us at the @THEMUSEUM August 23rd. We helping host a night on blockchains and Cryptocurrencies where you can le‚Ä¶ https://t.co/W9VlXuwUe6,82,0.5267,0.804,0.0,0.196
82,@Quantstamp,Thu Aug 09 04:38:06 +0000 2018,Our very own Krishna Sriram will be judging at #ETHIndia tomorrow https://t.co/vuV3P317kF,83,0.0,1.0,0.0,0.0
83,@Quantstamp,Thu Aug 09 02:59:01 +0000 2018,Join Richard Ma for our weekly AMA in our Telegram chat Fridays at 12 PST,84,0.296,0.864,0.0,0.136
84,@Quantstamp,Thu Aug 09 00:26:28 +0000 2018,"Our infrastructure engineer, Lee Azzarello (@leeazzarello), is attending Defcon26, come say hi!",85,0.0,1.0,0.0,0.0
85,@Quantstamp,Wed Aug 08 20:51:29 +0000 2018,Looking forward to continued collaboration with the @ETHSecurity Community. Big thank you to all of their enormous efforts.,86,0.3612,0.872,0.0,0.128
86,@Quantstamp,Wed Aug 08 18:34:01 +0000 2018,"Our writer Julian Martinez [ @jmartinez_43 ] recently published ""Understanding Proof of Stake: The Nothing at Stake‚Ä¶ https://t.co/hYJttG7OOF",87,0.0,1.0,0.0,0.0
87,@Quantstamp,Wed Aug 08 14:53:17 +0000 2018,"RT @91krish: Extremely excited to attend and support üáÆüá≥@ethindiacoüáÆüá≥on behalf of @Quantstamp. 

The scale and opportunity for decentralized‚Ä¶",88,0.8016,0.647,0.0,0.353
88,@Quantstamp,Wed Aug 08 14:07:04 +0000 2018,"By forming the Smart Contract Security Alliance with @Modular_Inc, we aim to encourage the growth of a healthy bloc‚Ä¶ https://t.co/XdkRzA8rfE",89,0.9136,0.505,0.0,0.495
89,@Quantstamp,Tue Aug 07 23:07:00 +0000 2018,Join our CEO and Co-Founder Richard Ma this Friday at noon 12pm PST for our weekly Telegram AMA. Last week we relea‚Ä¶ https://t.co/8xZxaS9QGo,90,0.296,0.909,0.0,0.091
90,@Quantstamp,Tue Aug 07 18:34:03 +0000 2018,Join us at the @THEMUSEUM August 23rd. We helping host a night on blockchains and Cryptocurrencies where you can le‚Ä¶ https://t.co/ViX4ChpFJS,91,0.5267,0.804,0.0,0.196
91,@Quantstamp,Tue Aug 07 18:29:10 +0000 2018,"RT @ycombinator: Meet 15 companies from the YC Summer 2018 batch:
https://t.co/paB8e7PLy9",92,0.0,1.0,0.0,0.0
92,@Quantstamp,Tue Aug 07 16:25:25 +0000 2018,@originprotocol  https://t.co/7FV5wyCGdZ,93,0.0,1.0,0.0,0.0
93,@Quantstamp,Tue Aug 07 15:45:09 +0000 2018,Big congratulations to our friends @Originprotocol for their amazing recent addition Franck Chastagnol to their fan‚Ä¶ https://t.co/YkMIKaZJcq,94,0.8957,0.565,0.0,0.435
94,@Quantstamp,Sun Aug 05 20:16:06 +0000 2018,"RT @enblocibc: Besides deep diving into blockchain hacks and helping you tighten up the loose screws on your smart contracts, @Quantstamp i‚Ä¶",95,0.2263,0.618,0.156,0.225
95,@Quantstamp,Sun Aug 05 20:15:22 +0000 2018,"RT @GoaITDept: #IBCIndia2018 
Finding out if 100% Secure Application of Blockchain is a Utopian Concept with 
@henryhilee, @helloiconworld‚Ä¶",96,0.34,0.87,0.0,0.13
96,@Quantstamp,Sun Aug 05 20:13:12 +0000 2018,"RT @jmartinez_43: In my latest post, I discuss how losing a twitter beef against @francispouliot_ led me to question what decentralization‚Ä¶",97,-0.3818,0.874,0.126,0.0
97,@Quantstamp,Fri Aug 03 23:24:32 +0000 2018,"Getting ready for betanet, Korea Blockchain Week, and more. Here's what's happening at Quantstamp https://t.co/km8PjcUR3C Aug 3 2018",98,0.3612,0.865,0.0,0.135
98,@Quantstamp,Fri Aug 03 17:23:27 +0000 2018,Join Richard Ma for our weekly AMA in our Telegram chat Fridays at 12 PST,99,0.296,0.864,0.0,0.136
99,@Quantstamp,Sat Jul 21 04:09:41 +0000 2018,RT @moniquejmorrow: Richard Ma CEO Quantstamp in Seoul. ‚Å¶@Quantstamp‚Å© ‚Å¶@glosfer‚Å© ‚Å¶@binance‚Å© https://t.co/uAnaQNAq7c,100,0.0,1.0,0.0,0.0
100,@BTC,Wed Oct 10 03:52:56 +0000 2018,"RT @BitcoinMagazine: Working with @SamouraiWallet
Brooklyn-based @gotenna has launched TxTenna, a mobile app that allows users to send #Bit‚Ä¶",1,0.128,0.919,0.0,0.081
101,@BTC,Tue Oct 09 08:02:41 +0000 2018,RT @joaodealmeida94: The narrative that says bitcoin wont have enough throughput for everyone to open/close channels is coming to an end th‚Ä¶,2,0.0,1.0,0.0,0.0
102,@BTC,Tue Oct 09 07:52:01 +0000 2018,You have a choice of which bank to trust to hold your money already. #Bitcoin allows you to verify instead of blind‚Ä¶ https://t.co/vh9g2IyNFE,3,0.5106,0.864,0.0,0.136
103,@BTC,Tue Oct 09 07:16:55 +0000 2018,RT @souljaboy: Bitcoin,4,0.0,1.0,0.0,0.0
104,@BTC,Tue Oct 09 07:12:16 +0000 2018,RT @AaronvanW: Bitcoin Core 0.17.0 Is Released: Here‚Äôs What‚Äôs New https://t.co/SSF2qW0Ep3,5,0.0,1.0,0.0,0.0
105,@BTC,Tue Oct 09 07:12:00 +0000 2018,RT @adam3us: I guess the bitcoiner population is increasing with Malta's business friendly crypto regulation :) https://t.co/wp3inVqPg7,6,0.7351,0.693,0.0,0.307
106,@BTC,Tue Oct 09 07:11:52 +0000 2018,RT @bitcoincoreorg: Bitcoin Core 0.17.0 Released https://t.co/ciwCREngon,7,0.0,1.0,0.0,0.0
107,@BTC,Thu Sep 13 08:49:51 +0000 2018,"RIP #Ethereum. ‚ÄúWorld computer,‚Äù we barely knew you.",8,0.0,1.0,0.0,0.0
108,@BTC,Thu Sep 13 05:58:31 +0000 2018,RT @bitcoinister: The Unflippening: #Bitcoin‚Äôs Resurgent Dominance Showing Who‚Äôs King https://t.co/YYbK72afKA,9,0.2023,0.847,0.0,0.153
109,@BTC,Thu Sep 13 05:27:33 +0000 2018,"RT @LeahWald: QA to Roger Ver:
Q: #BCH down 50% to #BTC in past 3 months. Why would an institutional investor pick BCash over BTC when it's‚Ä¶",10,0.0,1.0,0.0,0.0
110,@BTC,Tue Sep 11 17:12:54 +0000 2018,Bcash is fiat. Money by decree and created out of thin air. https://t.co/JDgBHJOYmZ,11,0.25,0.857,0.0,0.143
111,@BTC,Tue Sep 11 07:54:19 +0000 2018,There‚Äôs nothing to debate. There is #Bitcoin and several copies pretending to be related to Bitcoin. None have any‚Ä¶ https://t.co/lBJMh3v7fx,12,0.1027,0.931,0.0,0.069
112,@BTC,Tue Sep 11 05:05:53 +0000 2018,"RT @alistairmilne: Things Bcash'ers say:
- listen to me I'm cleverer than you
- listen to me, I'm richer than you
- listen to me, I'm loude‚Ä¶",13,0.7506,0.775,0.0,0.225
113,@BTC,Sun Sep 09 08:59:22 +0000 2018,"If you hear the words ‚ÄúSatoshi‚Äôs vision‚Äù, ‚Äúwhat Satoshi wanted‚Äù, or ‚Äúaccording to the whitepaper‚Äù, someone is trying to scam you.",14,-0.5719,0.844,0.156,0.0
114,@BTC,Sat Sep 08 21:05:51 +0000 2018,RT @danheld: The British pound is the oldest fiat currency in existence at 317 years. The pound was originally defined as 12 oz. of silver.‚Ä¶,15,0.0,1.0,0.0,0.0
115,@BTC,Sat Sep 08 21:03:38 +0000 2018,"#Bitcoin, not #blockchain.",16,0.0,1.0,0.0,0.0
116,@BTC,Thu Sep 06 09:08:48 +0000 2018,"RT @BtcpayServer: We will probably stop supporting @ShapeShift_io . 

The shapeshift button does not work anymore, and they will probably r‚Ä¶",17,0.1779,0.779,0.095,0.126
117,@BTC,Wed Sep 05 06:29:30 +0000 2018,RT @BitcoinMagazine: Check out our latest cover story by @AaronvanW - On overview of some of the tech that is making #bitcoin more private.‚Ä¶,18,0.0,1.0,0.0,0.0
118,@BTC,Sat Aug 25 12:50:19 +0000 2018,Fake Bitcoin is down 90%. Is anyone really surprised? https://t.co/snbFLUaKH7,19,-0.228,0.602,0.233,0.165
119,@BTC,Sun Aug 19 02:26:00 +0000 2018,"RT @Codiox: Yesterday 1 bitcoin was worth 44 billion bolivars, now it's at 59 billion.

$1 = 6.7 million bolivars yesterday, now it's at 9.‚Ä¶",20,0.2263,0.921,0.0,0.079
120,@BTC,Mon Aug 13 10:28:41 +0000 2018,Bitmain IPO? ROFL https://t.co/NVg9i4EeKt,21,0.6633,0.404,0.0,0.596
121,@BTC,Fri Aug 10 22:41:49 +0000 2018,RT @verretor: Segwit usage ATH: 40.7% (7 day rolling average) https://t.co/d71kHQis9r,22,0.0,1.0,0.0,0.0
122,@BTC,Fri Aug 10 05:16:34 +0000 2018,"RT @NickSzabo4: I can't decide whether this tweet is cleverly tendentious or just plain stupid. In the same category as ""Poll: when did you‚Ä¶",23,-0.0258,0.758,0.123,0.119
123,@BTC,Thu Aug 09 18:45:08 +0000 2018,You don‚Äôt have to buy one whole $BTC. It‚Äôs possible to own a fraction of a #Bitcoin like @elonmusk. https://t.co/p4DkQH2Hvm,24,0.3612,0.872,0.0,0.128
124,@BTC,Thu Aug 09 06:07:02 +0000 2018,"RT @lopp: You can buy bitcoin
but
you can't buy Bitcoin.",25,0.0,1.0,0.0,0.0
125,@BTC,Thu Aug 09 05:56:44 +0000 2018,HODL me.,26,0.0,1.0,0.0,0.0
126,@BTC,Tue Aug 07 04:33:59 +0000 2018,RT @adam3us: @notgrubles btc,27,0.0,1.0,0.0,0.0
127,@BTC,Thu Aug 02 05:52:02 +0000 2018,"RT @Bitstamp: DID YOU KNOW: A lot of people were surprised by Bitcoin‚Äôs 1,400% surge in 2017. But it was far from the currency‚Äôs top perfor‚Ä¶",28,0.4019,0.861,0.0,0.139
128,@BTC,Thu Aug 02 05:50:59 +0000 2018,RT @lopp: Today Bitcoiners celebrate their independence from miner governance via UASF while Bcashers celebrate their independence from Bit‚Ä¶,29,0.8126,0.697,0.0,0.303
129,@BTC,Wed Aug 01 09:48:49 +0000 2018,RT @Excellion: Never Forget. #UASF #BIP148 #SegWit ‚ö°Ô∏è https://t.co/Z4yBPGY1l3,30,-0.2263,0.808,0.192,0.0
130,@BTC,Tue Jul 31 09:05:03 +0000 2018,https://t.co/3ADLF3AeDw,31,0.0,1.0,0.0,0.0
131,@BTC,Tue Jul 31 09:01:20 +0000 2018,Dis-adoption. Sadly. https://t.co/hWPv6Gnnd5,32,-0.4215,0.417,0.583,0.0
132,@BTC,Sun Jul 29 17:52:42 +0000 2018,RT @bitcoincoreorg: Bitcoin Core 0.16.2 Released https://t.co/EfMhZ7GINx,33,0.0,1.0,0.0,0.0
133,@BTC,Sat Jul 28 21:09:40 +0000 2018,"Those saying that #Lightning can‚Äôt possibly work because routing isn‚Äôt solved, don‚Äôt seem to realize they can only‚Ä¶ https://t.co/1YHuK1KFQG",34,0.2732,0.896,0.0,0.104
134,@BTC,Sat Jul 28 17:21:07 +0000 2018,RT @lopp: Bitcoin doesn't need institutional investors. Institutional investors need Bitcoin.,35,0.0,1.0,0.0,0.0
135,@BTC,Fri Jul 27 22:57:16 +0000 2018,Bitcoin is a protocol.,36,0.0,1.0,0.0,0.0
136,@BTC,Fri Jul 27 20:17:27 +0000 2018,"RT @AaronvanW: Was Hal Finney the first Bitcoin maximalist?

The ""flippening"" cheerleaders and ""next Bitcoin"" altcoin peddlers still seem t‚Ä¶",37,0.296,0.896,0.0,0.104
137,@BTC,Thu Jul 26 22:19:46 +0000 2018,RT @BashCo_: Bitcoin does not have a website.,38,0.0,1.0,0.0,0.0
138,@BTC,Mon Jul 23 23:03:57 +0000 2018,‚ÄúBetter to remain silent and be thought a fool than to speak out and remove all doubt.‚Äù https://t.co/8mLkvz5fgC,39,-0.4404,0.847,0.153,0.0
139,@BTC,Mon Jul 23 00:51:27 +0000 2018,"RT @SFBitcoinDevs: Video from @pwuille's talk on Taproot, Schnorr and SIGHASH_NOINPUT is now available https://t.co/db1wUfhtcm",40,0.0,1.0,0.0,0.0
140,@BTC,Sun Jul 22 23:50:01 +0000 2018,"RT @LNstats: #LightningNetwork

mainnet has reached 100 BTC capacity!
(+288% in a month!)

https://t.co/sJohipLfV2      

#Lightning #LN #b‚Ä¶",41,0.2462,0.883,0.0,0.117
141,@BTC,Sun Jul 22 23:49:19 +0000 2018,RT @YodaBloke: Here's Vitalik saying UHM for 18 seconds https://t.co/YRqgLOwY1w,42,0.0,1.0,0.0,0.0
142,@BTC,Sun Jul 22 23:48:56 +0000 2018,RT @morcosa: @ErikVoorhees What do you say Erik?  Fair win?  I‚Äôll accept a donation to Coin Center or MIT DCI as payment.,43,0.8426,0.665,0.0,0.335
143,@BTC,Thu Jul 19 12:31:42 +0000 2018,"RT @TheCryptoDog: ""The power of the US dollar gets diminished with cryptocurrency"" https://t.co/Z76wqCBXyu",44,0.0,1.0,0.0,0.0
144,@BTC,Thu Jul 19 11:44:04 +0000 2018,RT @adam3us: Another indicator of pickup in HNWI and institutional interest in play. https://t.co/zM5aZ6WDde,45,0.6597,0.69,0.0,0.31
145,@BTC,Mon Jul 16 20:33:02 +0000 2018,RT @Xentagz: Why #Bitcoin is different than #Altcoins. By @saifedean (retweet) https://t.co/QnIqiDxy2O,46,0.0,1.0,0.0,0.0
146,@BTC,Mon Jul 16 18:37:07 +0000 2018,RT @coindesk: Billionaire investor Steven Cohen has reportedly entered the #crypto space. https://t.co/75jnTKWQHg,47,0.0,1.0,0.0,0.0
147,@BTC,Mon Jul 16 18:36:08 +0000 2018,RT @NeerajKA: Craig Wright revealed to be an elaborate multi-year Sacha Baron Cohen undercover character,48,0.0,1.0,0.0,0.0
148,@BTC,Mon Jul 16 07:53:36 +0000 2018,RT @Bombeto_Gin: @btc  https://t.co/ZPdODmJCNi,49,0.0,1.0,0.0,0.0
149,@BTC,Mon Jul 16 07:08:58 +0000 2018,RT @verretor: Still no one using BCash. https://t.co/aXbTL8lLqd,50,-0.296,0.761,0.239,0.0
150,@BTC,Mon Jul 16 07:04:12 +0000 2018,"There is no development happening on #Bcash. Their one developer broke the Control, C and V keys on the keyboard. T‚Ä¶ https://t.co/DomNC3iOAH",51,-0.6124,0.783,0.217,0.0
151,@BTC,Mon Jul 16 07:01:07 +0000 2018,"RT @spiroseliot: Dogecoin vs Bcash
BCH transactions 24hr 16,595
DOGE transactions 24hr 22,196

BCH average block time 10m 59s
DOGE average‚Ä¶",52,-0.4404,0.873,0.127,0.0
152,@BTC,Sat Jul 14 15:25:51 +0000 2018,"RT @coindesk: Despite bitcoin's recent price rout, Square‚Äôs mobile payment app, Square Cash, is still growing nearly three times faster tha‚Ä¶",53,0.1779,0.922,0.0,0.078
153,@BTC,Sat Jul 14 15:23:58 +0000 2018,"RT @peterktodd: Awesome line from @CheapAir's recent email update on their search for a new BTC payment processor.

Looks like they're goin‚Ä¶",54,0.765,0.742,0.0,0.258
154,@BTC,Sat Jul 14 03:55:59 +0000 2018,RT @bitcoinister: Satoshi didn't invent #Bitcoin because PayPal's fee were too high,55,0.0,1.0,0.0,0.0
155,@BTC,Sat Jul 14 03:55:40 +0000 2018,"RT @AaronvanW: The Genesis Files: With Bit Gold, Nick Szabo Was Inches Away From Inventing Bitcoin https://t.co/7GWPbqE90Q",56,0.0,1.0,0.0,0.0
156,@BTC,Sat Jul 14 03:54:40 +0000 2018,"RT @realLudvigArt: Basically, ~80% of the #BCash network is running out of 8 hosting/cloud providers with ~40% of the entire network being‚Ä¶",57,0.0,1.0,0.0,0.0
157,@BTC,Fri Jul 13 17:45:12 +0000 2018,"RT @jimmysong: Bitcoin doesn't care if you have a PhD in economics, a tenured faculty position, have billions under management or started 5‚Ä¶",58,-0.3875,0.884,0.116,0.0
158,@BTC,Fri Jul 13 05:49:37 +0000 2018,RT @DanDarkPill: This is the Big Blocker Vision: big corporations should run the nodes in a data-center &amp; represent users (customers/plebs)‚Ä¶,59,0.25,0.905,0.0,0.095
159,@BTC,Thu Jul 12 17:01:26 +0000 2018,Bullish on $BTC. https://t.co/vu9ytxNSY4,60,0.0,1.0,0.0,0.0
160,@BTC,Wed Jul 11 09:17:47 +0000 2018,"RT @BitMEXResearch: Bitcoin Blocksize Data Visualization

After the upgrade to SegWit in August 2017, although in a much slower fashion tha‚Ä¶",61,0.0,1.0,0.0,0.0
161,@BTC,Wed Jul 11 05:00:43 +0000 2018,Can‚Äôt name any at all. https://t.co/dY80f6Vq9h,62,0.0,1.0,0.0,0.0
162,@BTC,Tue Jul 10 10:08:06 +0000 2018,RT @SFBitcoinDevs: .@pwuille talking about Schnorr signatures @SFBitcoinDevs #BitcoinDevelopment !!! https://t.co/vXIAXxo0KH,63,0.0,1.0,0.0,0.0
163,@BTC,Tue Jul 10 09:38:31 +0000 2018,RT @verretor: Bitcoin fees have been lower than BCash fees in the last 24 hours. https://t.co/zLPkUUnGxA,64,-0.296,0.872,0.128,0.0
164,@BTC,Mon Jul 09 10:53:08 +0000 2018,#Bcash is a scam. $BCH,65,-0.5719,0.448,0.552,0.0
165,@BTC,Mon Jul 09 04:08:26 +0000 2018,"RT @Ragnarly: Protip: Nothing is ""The Next Bitcoin""",66,0.0,1.0,0.0,0.0
166,@BTC,Sun Jul 08 08:06:08 +0000 2018,"RT @DanDarkPill: BCash false marketing appears predicated on the belief that people are morons and that they will remain morons. 

Bitcoin‚Ä¶",67,-0.5574,0.805,0.195,0.0
167,@BTC,Sun Jul 08 07:12:27 +0000 2018,"RT @danheld: Why are Schnorr Signatures such a big deal? 

- Reduce the use of storage and bandwidth by ~25% through reduced signature size‚Ä¶",68,0.0,1.0,0.0,0.0
168,@BTC,Sun Jul 08 07:12:06 +0000 2018,RT @Datavetaren: Fiat money is essentially proof-of-stake where the ones with most stake run the full nodes (banks) and everybody else runs‚Ä¶,69,0.0,1.0,0.0,0.0
169,@BTC,Sun Jul 08 07:01:11 +0000 2018,RT @AnselLindner: #Bitcoin search results have stopped falling. Bitcoin vs bcash bch shows bcash is stupid. https://t.co/HI0DQuif9b,70,-0.7096,0.67,0.33,0.0
170,@BTC,Sun Jul 08 02:00:42 +0000 2018,"RT @iamjosephyoung: According to Yonhap, South Korea's leading mainstream media outlet, commercial banks in South Korea own nearly $2 billi‚Ä¶",71,0.0,1.0,0.0,0.0
171,@BTC,Sat Jul 07 11:26:38 +0000 2018,"RT @lopp: ""Lightning Network wallets don't need to break the mental model held by bitcoin users in order to fulfill their purpose."" - @pate‚Ä¶",72,0.4404,0.884,0.0,0.116
172,@BTC,Sat Jul 07 11:10:01 +0000 2018,RT @DonnyCrypto: What most non Bitcoiners fail to realize is TCP/IP first began research during the 1960s. By the early 70s there was a pro‚Ä¶,73,-0.5809,0.859,0.141,0.0
173,@BTC,Sat Jul 07 06:19:29 +0000 2018,RT @stevanlohja: Trigger warning. #Bitcoin #BitcoinCash #EthereumClassic #Ethereum #BTC #ETH #ETC #Cryptocurrency #Blockhain #CryptoNews #C‚Ä¶,74,-0.34,0.854,0.146,0.0
174,@BTC,Sat Jul 07 06:12:23 +0000 2018,"RT @TheCryptoconomy: 1/
All within the last 30 days in #Bitcoin

‚Ä¢ All #Lightning implementations hit Beta! @blockstream @lightning @acinq_‚Ä¶",75,0.0,1.0,0.0,0.0
175,@BTC,Sat Jul 07 06:09:01 +0000 2018,RT @hrdng: The @bitcoincoreorg download page now provides instructions to help you verify your Bitcoin Core download.  https://t.co/msXZHlD‚Ä¶,76,0.4019,0.863,0.0,0.137
176,@BTC,Sat Jul 07 06:02:09 +0000 2018,"RT @alexbosworth: Schnorr and MuSig:
1. Reduces channel close signature byte cost from ~144 bytes to 64 bytes
2. Hides channel closes by ma‚Ä¶",77,-0.1779,0.931,0.069,0.0
177,@BTC,Sat Jul 07 02:48:38 +0000 2018,"RT @NickSzabo4: The buzzword ""web3"" suggests the lax, security-poor programming habits of the web. When crypto or smart contracts are progr‚Ä¶",78,0.4019,0.881,0.0,0.119
178,@BTC,Sat Jul 07 02:39:47 +0000 2018,"Devs continue to make #Bitcoin better, every single day. This is where the real innovation happens. https://t.co/qunRoK1u2w",79,0.6705,0.732,0.0,0.268
179,@BTC,Thu Jul 05 14:00:53 +0000 2018,"RT @FerrariMassi: All speakers on stage at the close of #BoBtc!
#thanks @build_on_btc and @KLoaec for an amazing event! The #bitcoin #commu‚Ä¶",80,0.658,0.827,0.0,0.173
180,@BTC,Thu Jul 05 13:57:42 +0000 2018,"@agsupun The Frisbee was originally invented as a pie dish.
Bubble wrap was originally invented as a new style of t‚Ä¶ https://t.co/SpYdbymzuL",81,0.0,1.0,0.0,0.0
181,@BTC,Thu Jul 05 13:23:53 +0000 2018,"@agsupun We never said BTC was fungible, we merely pointed out that Bitcoin Cash isn't, and thus isn't cash.",82,0.0,1.0,0.0,0.0
182,@BTC,Thu Jul 05 13:23:09 +0000 2018,@sashandiggers @agsupun @tipprbot You clearly have no idea what fungibility is.,83,0.128,0.647,0.158,0.194
183,@BTC,Thu Jul 05 11:41:22 +0000 2018,"@agsupun Cash is fungible, and Bitcoin Cash isn't, so it already fails the first test of cash.",84,-0.4703,0.839,0.161,0.0
184,@BTC,Thu Jul 05 11:40:03 +0000 2018,@Ahrrggghh @tipprbot Unsubscribe,85,0.0,1.0,0.0,0.0
185,@BTC,Thu Jul 05 08:51:29 +0000 2018,"@HahaMcHahason Not true.
https://t.co/9cdD2dUssm",86,0.4215,0.517,0.0,0.483
186,@BTC,Thu Jul 05 08:46:54 +0000 2018,"@btcfork We were using Bitcoin before SegWit, so we have tried it out.",87,0.0,1.0,0.0,0.0
187,@BTC,Thu Jul 05 06:10:36 +0000 2018,"With Bitcoin, as with The Highlander, there can be only one.

Pro tip: it's not BCH.",88,0.0,1.0,0.0,0.0
188,@BTC,Tue Jul 03 12:59:12 +0000 2018,RT @ShadesOfCrypto: Bitcoin is the real bitcoin. Always.,89,0.0,1.0,0.0,0.0
189,@BTC,Mon Jul 02 11:55:50 +0000 2018,‚ÄúKorea to be cashless by 2020.‚Äù #Bitcoin $BTC #Crypto #DigitalCash,90,0.0,1.0,0.0,0.0
190,@BTC,Mon Jul 02 06:01:55 +0000 2018,Why #bitcoin can never go to zero. https://t.co/IaU6JPLG7A,91,0.0,1.0,0.0,0.0
191,@BTC,Sun Jul 01 14:14:56 +0000 2018,"There is only one global chain.

Bitcoin or it is nothing.",92,0.0,1.0,0.0,0.0
192,@BTC,Sat Jun 30 14:51:12 +0000 2018,Old to new market comparison. $BTC https://t.co/9fz5T4CPiK,93,0.0,1.0,0.0,0.0
193,@BTC,Sat Jun 30 14:44:11 +0000 2018,RT if you believe #Bitcoin will break $20k in 2018. $BTC #crypto,94,0.0,1.0,0.0,0.0
194,@BTC,Sat Jun 30 12:32:27 +0000 2018,"On average #Bitcoin adds a zero every 2 years...

2009 - $0
2011 - $10
2013 - $100
2015 - $1,000
2017 - $10,000
201‚Ä¶ https://t.co/BemnVn4rZI",95,0.0,1.0,0.0,0.0
195,@BTC,Sat Jun 30 02:12:09 +0000 2018,Let the rise begin. #bitcoin $BTC,96,0.0,1.0,0.0,0.0
196,@BTC,Fri Jun 29 13:43:03 +0000 2018,How #bitcoin works the #blockchain https://t.co/SL8wf9JtOJ,97,0.0,1.0,0.0,0.0
197,@BTC,Fri Jun 29 02:05:00 +0000 2018,‚ÄúI‚Äôve seen worse dips in my lifetime.‚Äù - Bitcoin,98,-0.4767,0.693,0.307,0.0
198,@BTC,Thu Jun 28 16:28:40 +0000 2018,Where do you stand with #Bitcoin?,99,0.0,1.0,0.0,0.0
199,@BTC,Thu Jun 28 14:07:49 +0000 2018,"#Bitcoin was around 9 years ago, and it will still be around for many more years to come. We‚Äôre just getting started.",100,0.0,1.0,0.0,0.0
200,@Ripple,Tue Oct 09 20:34:57 +0000 2018,".@JoelKatz will be a featured speaker at #SXSW 2019! Learn more about his session here.
https://t.co/emQIbtU6cm",1,0.0,1.0,0.0,0.0
201,@Ripple,Mon Oct 08 23:42:26 +0000 2018,ICYMI: Watch @ethanbeard‚Äôs panel on investing in #blockchain at #PreMoney2018. https://t.co/BDuv5Mlx18,2,0.0,1.0,0.0,0.0
202,@Ripple,Fri Oct 05 15:22:13 +0000 2018,"Read @_emschwartz‚Äôs post on why @interledger‚Äôs ability to connect different networks and blockchains is so powerful.
https://t.co/NjRRvKBs86",3,0.711,0.717,0.0,0.283
203,@Ripple,Thu Oct 04 22:43:27 +0000 2018,"RT @mercury_fx_ltd: Team Mercury FX are back in London, bleary eyed and wide eyed all at the same time. Loved it and hugely excited to be o‚Ä¶",4,0.7645,0.791,0.0,0.209
204,@Ripple,Thu Oct 04 18:48:22 +0000 2018,Next week the Xpring team is at @SFBWofficial‚Äôs SF Blockchain Week #SFBW2018. @ethanbeard speaks Monday and‚Ä¶ https://t.co/KcdQfrRbNJ,5,0.0,1.0,0.0,0.0
205,@Ripple,Thu Oct 04 04:22:32 +0000 2018,"#SwellbyRipple is a wrap for 2018! Thanks to all those who joined us in SF, and for those who missed it, find the h‚Ä¶ https://t.co/fVX8yVBLL3",6,0.2481,0.803,0.08,0.117
206,@Ripple,Thu Oct 04 03:46:37 +0000 2018,"The Japan Bank Consortium launched MoneyTap today, a Ripple-powered payments app to offer real time settlement for‚Ä¶ https://t.co/p9hBAcqcNm",7,0.128,0.914,0.0,0.086
207,@Ripple,Wed Oct 03 01:26:39 +0000 2018,And that‚Äôs a wrap for day two coverage of #SwellbyRipple! https://t.co/AqhQcUIEsa,8,0.0,1.0,0.0,0.0
208,@Ripple,Wed Oct 03 00:00:24 +0000 2018,"Hat's off to the winners of the #Blockchain Innovator Award: @Cuallix @InstaReMit, @scb_thailand, @bancosantander,‚Ä¶ https://t.co/cpo4zdJvhE",9,0.765,0.663,0.0,0.337
209,@Ripple,Tue Oct 02 23:09:17 +0000 2018,.@TransferGo‚Äôs @daumis2475 revealed that the company had reduced costs by 90% in some regions and settlement time t‚Ä¶ https://t.co/j2HW2z3ZXz,10,0.0,1.0,0.0,0.0
210,@Ripple,Tue Oct 02 22:21:53 +0000 2018,.@tolushola gives a striking example of how #blockchain powered cross-border payments can positively impact small t‚Ä¶ https://t.co/RCSngfjJum,11,0.5267,0.815,0.0,0.185
211,@Ripple,Tue Oct 02 22:07:24 +0000 2018,RT @sandeeptodi: $10 tn is sitting idle in prefunded accounts around the world. Huge hidden cost in #crossborder payments - @kanchankumar m‚Ä¶,12,0.3182,0.897,0.0,0.103
212,@Ripple,Tue Oct 02 21:55:23 +0000 2018,ICYMI: Check out the highlights from day one of #SwellbyRipple https://t.co/VcMc2bI0G4,13,0.0,1.0,0.0,0.0
213,@Ripple,Tue Oct 02 21:53:03 +0000 2018,RT @ashgoblue: https://t.co/1PxSxfxlTL,14,0.0,1.0,0.0,0.0
214,@Ripple,Tue Oct 02 21:23:30 +0000 2018,"CEOs @prajitn and @fepavani joke about the benefits of an ‚Äúarranged marriage‚Äù on RippleNet, a relationship that‚Äôs h‚Ä¶ https://t.co/s8AGULnU8f",15,0.5859,0.769,0.0,0.231
215,@Ripple,Tue Oct 02 21:17:30 +0000 2018,"RT @teemuz: Some quality time @joelkatz discussing:
- quantum resistant crypto
- zero knowledge proof 
- on chain scaling 

Thoughts? https‚Ä¶",16,0.0,1.0,0.0,0.0
216,@Ripple,Tue Oct 02 20:33:00 +0000 2018,.@IMFNews‚Äô Ross Leckow on the intersection of regulation and innovation at #SwellbyRipple https://t.co/ThSEoDBaRS,17,0.3818,0.822,0.0,0.178
217,@Ripple,Tue Oct 02 20:10:31 +0000 2018,RT @zahmohsen: With @chrislarsensf co-founder &amp; executive chairman of @Ripple at #swellbyripple https://t.co/9UC871cGKB,18,0.0,1.0,0.0,0.0
218,@Ripple,Tue Oct 02 19:59:05 +0000 2018,Listen to @rjpittman explain why addressing the inefficiencies in #payments will lead to extraordinary growth oppor‚Ä¶ https://t.co/1cWyIWrIDe,19,0.3818,0.86,0.0,0.14
219,@Ripple,Tue Oct 02 19:12:20 +0000 2018,The results are in: 2018 marks the year interest in #blockchain for global payments moves to mass adoption. Downloa‚Ä¶ https://t.co/JrOOOIAFkD,20,0.4588,0.864,0.0,0.136
220,@Ripple,Tue Oct 02 18:17:33 +0000 2018,#SwellbyRipple‚Äôs lightning round was a success. We‚Äôre excited to see the newest connections and corridors on Ripple‚Ä¶ https://t.co/IRGkr2zK07,21,0.7269,0.711,0.0,0.289
221,@Ripple,Tue Oct 02 17:18:19 +0000 2018,"As day 2 of #SwellbyRipple begins, don‚Äôt miss key takeaways from yesterday‚Äôs sessions featuring policy makers and c‚Ä¶ https://t.co/DAOz6zEpLr",22,-0.1531,0.914,0.086,0.0
222,@Ripple,Tue Oct 02 14:57:44 +0000 2018,Day two of #SwellbyRipple starts now! Follow all the coverage here. https://t.co/ayefHcxAxH https://t.co/CALXnZZ2ac,23,0.0,1.0,0.0,0.0
223,@Ripple,Tue Oct 02 07:17:55 +0000 2018,That‚Äôs a wrap on day one of #SwellbyRipple! Special thanks to the Counting Crows for making the customer celebratio‚Ä¶ https://t.co/SCX65CsTqS,24,0.7088,0.743,0.0,0.257
224,@Ripple,Tue Oct 02 01:17:51 +0000 2018,Check out the full video from #SwellbyRipple of @bancosantander‚Äôs Ed Metzger discussing how One Pay FX deployed on‚Ä¶ https://t.co/YZbCA0uiVT,25,-0.1027,0.928,0.072,0.0
225,@Ripple,Tue Oct 02 00:29:22 +0000 2018,Get the key takeaways and a link to @bgarlinghouse's full #SwellbyRipple session on xRapid here. https://t.co/O9ZX73sUlt,26,0.0,1.0,0.0,0.0
226,@Ripple,Mon Oct 01 23:26:10 +0000 2018,"Representatives from the @SAMA_GOV, @paymentscanada and @bancocentralbr discuss the future of #blockchain and digit‚Ä¶ https://t.co/UyhJzqX8dv",27,0.0,1.0,0.0,0.0
227,@Ripple,Mon Oct 01 22:38:25 +0000 2018,"RT @montymetzger: Ripple provides one frictionless experience to send money globally using the power of blockchain. 

@bgarlinghouse is ope‚Ä¶",28,0.0,1.0,0.0,0.0
228,@Ripple,Mon Oct 01 22:03:27 +0000 2018,.@bancosantander‚Äôs Ed Metzger speaking on stage about One Pay FX at #SwellbyRipple https://t.co/Cp0cYWXtf6,29,-0.1027,0.896,0.104,0.0
229,@Ripple,Mon Oct 01 21:45:29 +0000 2018,.@bgarlinghouse on the stage at #SwellbyRipple. Full session video coming soon. https://t.co/X5j8OjtgvL,30,0.0,1.0,0.0,0.0
230,@Ripple,Mon Oct 01 20:00:36 +0000 2018,"xRapid is going into commercial production. @mercury_fx_ltd, @Cuallix and Catalyst Corporate Federal Credit Union w‚Ä¶ https://t.co/9Fh6e4ic63",31,0.3818,0.852,0.0,0.148
231,@Ripple,Mon Oct 01 17:22:58 +0000 2018,Here‚Äôs your behind the scenes look inside #SwellbyRipple. For all the latest updates during the event:‚Ä¶ https://t.co/SluwRK9BbI,32,0.0,1.0,0.0,0.0
232,@Ripple,Mon Oct 01 16:23:43 +0000 2018,"‚ÄúThere are many #blockchain projects that are interesting, but they aren‚Äôt sustainable businesses. @Ripple stands o‚Ä¶ https://t.co/rCkkwYC3Hy",33,0.2144,0.896,0.0,0.104
233,@Ripple,Mon Oct 01 16:09:33 +0000 2018,RT @MonicaLongSF: Welcome! #SwellbyRipple starts now. Catch the action here: https://t.co/8s5zpMjU64 https://t.co/CBWUyEkeaB,34,0.5093,0.77,0.0,0.23
234,@Ripple,Sun Sep 30 18:40:10 +0000 2018,#SwellbyRipple starts in less than 24 hours. Find out where to follow coverage and who‚Äôs already in town for the ev‚Ä¶ https://t.co/nzCzQrva9u,35,0.0,1.0,0.0,0.0
235,@Ripple,Sat Sep 29 17:30:19 +0000 2018,‚ÄúWe‚Äôre here to ensure the framework of the network we call RippleNet evolves in an optimal way. You are the key mov‚Ä¶ https://t.co/bpwK5W0clE,36,0.6249,0.805,0.0,0.195
236,@Ripple,Sat Sep 29 00:53:31 +0000 2018,RT @CharlesBest: .@Ripple‚Äôs donation to @DonorsChoose achieved an unparalleled breadth of impact. Really excited to see what impact #Ripple‚Ä¶,37,0.4005,0.87,0.0,0.13
237,@Ripple,Fri Sep 28 23:50:54 +0000 2018,RT @PaymentsCanada: The countdown is on for @Ripple's #SwellbyRipple and there is a lot in store -- including the Central Banks Show &amp; Tell‚Ä¶,38,0.0,1.0,0.0,0.0
238,@Ripple,Fri Sep 28 16:18:40 +0000 2018,".@scb_thailand will be the first to use ‚Äúmulti-hop‚Äù, a key feature on RippleNet that allows financial institutions‚Ä¶ https://t.co/oagVR1OTU0",39,0.0,1.0,0.0,0.0
239,@Ripple,Thu Sep 27 14:33:54 +0000 2018,"RT @chrislarsensf: The #InternetofValue is not about disruption, it's about completion - making globalization better for everyone. Ripple f‚Ä¶",40,0.6136,0.762,0.0,0.238
240,@Ripple,Wed Sep 26 21:51:53 +0000 2018,"RT @marcus_treacher: Privileged to speak at Blockchainlive today. Great discussion, super conference: real buzz https://t.co/WMvwV9x1Oy",41,0.8979,0.524,0.0,0.476
241,@Ripple,Wed Sep 26 18:08:07 +0000 2018,Members of our Recruiting and Engineering teams are at @ghc #GHC18. Come by our booth and say hello! https://t.co/cGlOMo7XZu,42,0.0,1.0,0.0,0.0
242,@Ripple,Tue Sep 25 20:15:42 +0000 2018,ICYMI: @CoryTV spoke at the @MilkenInstitute‚Äôs #MIGlobal Asia Summit 2018 in Singapore about the rise of‚Ä¶ https://t.co/UUXqiUjYCQ,43,0.0,1.0,0.0,0.0
243,@Ripple,Mon Sep 24 19:18:06 +0000 2018,"Episode 5 is here! We hear more about next week‚Äôs #SwellbyRipple, learn details on RippleNet‚Äôs new corridors and ta‚Ä¶ https://t.co/uUh0UmlCda",44,0.0,1.0,0.0,0.0
244,@Ripple,Fri Sep 21 22:49:21 +0000 2018,‚ÄúRipple works with governments and regulators around the world to help them better understand the problems we solve‚Ä¶ https://t.co/kLOIr4n6wx,45,0.4404,0.658,0.111,0.23
245,@Ripple,Fri Sep 21 19:52:21 +0000 2018,"The certainty, speed, and savings RippleNet provides is helping bring the world one step closer to the‚Ä¶ https://t.co/QsKSfVPfyx",46,0.4939,0.792,0.0,0.208
246,@Ripple,Thu Sep 20 18:10:05 +0000 2018,RT @ashgoblue: I just launched #BUIDL a product focused monthly newsletter to look at the most interesting projects built on a #blockchain.‚Ä¶,47,0.7264,0.693,0.0,0.307
247,@Ripple,Wed Sep 19 14:21:08 +0000 2018,.@PNCBank has joined the 100+ financial institutions on RippleNet. It‚Äôs one of the first major U.S. banks to use‚Ä¶ https://t.co/8vcULp739Q,48,0.0,1.0,0.0,0.0
248,@Ripple,Wed Sep 19 14:20:28 +0000 2018,"RT @marcus_treacher: RippleNet is now live across 40 countries and 6 continents. We‚Äôre making faster, cheaper and more transparent payments‚Ä¶",49,0.0,1.0,0.0,0.0
249,@Ripple,Tue Sep 18 18:53:45 +0000 2018,RT @NoorAlAli: Had a great @BloombergLive #inventingthefuture panel on smart contracts and how regulation may impact technology development‚Ä¶,50,0.7783,0.688,0.0,0.312
250,@Ripple,Mon Sep 17 23:00:58 +0000 2018,"RT @ARobinWood: #Crypto space has a peanut butter problem, companies are spreading themselves to thin and New York isn‚Äôt going away bc of #‚Ä¶",51,-0.4019,0.891,0.109,0.0
251,@Ripple,Mon Sep 17 19:01:08 +0000 2018,Every Rippler‚Äôs story is unique. Watch #HowIGotHere. https://t.co/b8oJ2r08vj,52,0.0,1.0,0.0,0.0
252,@Ripple,Fri Sep 14 16:28:15 +0000 2018,"‚ÄúMost of the industry still moves money like it‚Äôs 1973. Ripple allows banks, payment providers and remittance compa‚Ä¶ https://t.co/J8iADR4yqJ",53,0.3612,0.878,0.0,0.122
253,@Ripple,Fri Sep 14 04:30:05 +0000 2018,National Commercial Bank @AlAhliNCB joins RippleNet to offer its 5.5M customers faster and more transparent remitta‚Ä¶ https://t.co/mpU3WdHtXi,54,0.0,1.0,0.0,0.0
254,@Ripple,Thu Sep 13 21:03:50 +0000 2018,Learn from and connect with our customers at #SwellbyRipple https://t.co/iPt8hN5XqE https://t.co/8e6H3I1WIm,55,0.0,1.0,0.0,0.0
255,@Ripple,Wed Sep 12 22:38:49 +0000 2018,‚ÄúI think what we‚Äôre seeing now is that there is recognition that #blockchain and digital assets will play a key rol‚Ä¶ https://t.co/8qleQhk7X7,56,0.4767,0.823,0.0,0.177
256,@Ripple,Wed Sep 12 20:50:25 +0000 2018,Instant remittances can change lives. Read how SBI Remit and Siam Commercial Bank make this happen for Thai workers‚Ä¶ https://t.co/qkoQxaIeUd,57,0.0,1.0,0.0,0.0
257,@Ripple,Wed Sep 12 16:07:25 +0000 2018,"""It's early days in #blockchain. Some uses-cases for digital assets are going to turn out to be quite imaginary. In‚Ä¶ https://t.co/yDZIzqH8FD",58,0.1779,0.922,0.0,0.078
258,@Ripple,Tue Sep 11 20:04:44 +0000 2018,Calling all developers! The Ripple dev team working with external contributors just released ripple-lib 1.0 an open‚Ä¶ https://t.co/K8imFnqakN,59,0.0,1.0,0.0,0.0
259,@Ripple,Mon Sep 10 18:47:13 +0000 2018,Missed @Forbes‚Äô profile of @JoelKatz? Read how our brilliant CTO helped forge the technology that is changing how m‚Ä¶ https://t.co/YGB3s8L5to,60,0.3818,0.75,0.092,0.158
260,@Ripple,Fri Sep 07 17:26:19 +0000 2018,.@CountingCrows will rock out at #SwellbyRipple! Read more about the event: https://t.co/OmDVw60V4D https://t.co/LFXyHLQE11,61,0.0,1.0,0.0,0.0
261,@Ripple,Thu Sep 06 22:55:08 +0000 2018,‚ÄúWe‚Äôre thrilled to partner with BeeTech. Ripple supports them with payments infrastructure that enables them to rol‚Ä¶ https://t.co/d4kiqiNPAw,62,0.6597,0.748,0.0,0.252
262,@Ripple,Thu Sep 06 14:29:42 +0000 2018,We‚Äôre honored to be named one of the #LinkedInTopStartUps. Congratulations to our team worldwide for the dedication‚Ä¶ https://t.co/DtGgm4DPhm,63,0.8271,0.675,0.0,0.325
263,@Ripple,Wed Sep 05 22:49:10 +0000 2018,"‚ÄúYou're going to see a separation between projects that are purely speculative, and those that solve a real problem‚Ä¶ https://t.co/dduGo6qXi2",64,0.3597,0.821,0.0,0.179
264,@Ripple,Wed Sep 05 19:21:03 +0000 2018,"RT @bgarlinghouse: A well-deserved spotlight on our very own @JoelKatz - he is one of the most brilliant people I‚Äôve ever met. I mean, he l‚Ä¶",65,0.624,0.843,0.0,0.157
265,@Ripple,Wed Sep 05 17:56:03 +0000 2018,Congratulations @MonicaLongSF for being honored by @HSBC_US! https://t.co/MhjK4wbQuB,66,0.8398,0.429,0.0,0.571
266,@Ripple,Tue Sep 04 19:00:19 +0000 2018,"Don‚Äôt miss @bgarlinghouse onstage tomorrow with @arrington at 3:10pm PT for @techcrunch‚Äôs #TCdisrupt. 
https://t.co/8p4iODvSOj",67,-0.1531,0.89,0.11,0.0
267,@Ripple,Fri Aug 31 22:13:33 +0000 2018,Missed last week's @bgarlinghouse AMA with @CoryTV? Check out the full interview here: https://t.co/FkDDALkNys,68,-0.296,0.855,0.145,0.0
268,@Ripple,Thu Aug 30 20:34:11 +0000 2018,"With RippleNet, SMEs have a unique competitive advantage: faster, more transparent global payments. At a time when‚Ä¶ https://t.co/hcm9YDeMJF",69,0.4019,0.791,0.0,0.209
269,@Ripple,Thu Aug 30 19:26:05 +0000 2018,Watch @chrislarsensf speak to @Forbes about why the #InternetofValue is central to completing globalization to make‚Ä¶ https://t.co/RYFFhsKqVv,70,0.0,1.0,0.0,0.0
270,@Ripple,Wed Aug 29 22:28:06 +0000 2018,"""I love how enthusiastic people are about blockchain, but I don‚Äôt necessarily think it will solve all the world‚Äôs p‚Ä¶ https://t.co/3tirn49tZg",71,0.7096,0.711,0.0,0.289
271,@Ripple,Tue Aug 28 15:51:35 +0000 2018,XRP Ledger only gets more and more decentralized over time: https://t.co/tSQLb0EPkU https://t.co/23WB4P52rc,72,0.0,1.0,0.0,0.0
272,@Ripple,Mon Aug 27 19:13:39 +0000 2018,"Missed @joelkatz‚Äôs AMA with @TheNextWeb? Read the highlights here, including why David thinks different #blockchain‚Ä¶ https://t.co/ti5WOmU8OA",73,-0.296,0.872,0.128,0.0
273,@Ripple,Fri Aug 24 22:45:08 +0000 2018,RT @money2020: In Vegas @TheRealCoreVC's @ArjanSchutte will lead a candid keynote conversation with @Ripple‚Äôs @chrislarsensf about the jour‚Ä¶,74,0.0,1.0,0.0,0.0
274,@Ripple,Fri Aug 24 16:38:04 +0000 2018,Support @joelkatz‚Äôs panel for #SXSW2019! Cast your vote by Aug. 30 to see him and @IChartNY talk candidly about‚Ä¶ https://t.co/eTCYowmxKd,75,0.4574,0.864,0.0,0.136
275,@Ripple,Thu Aug 23 21:06:31 +0000 2018,ICYMI: @joelkatz‚Äôs analysis of decentralization across networks: https://t.co/JOWNcczaMa https://t.co/kjrXxgyxyW,76,0.0,1.0,0.0,0.0
276,@Ripple,Wed Aug 22 22:00:11 +0000 2018,The AMA is here! @bgarlinghouse‚Äôs interview with @CoryTV is about to start: https://t.co/SMND4XOn8q,77,0.0,1.0,0.0,0.0
277,@Ripple,Wed Aug 22 17:22:13 +0000 2018,RT @JoelKatz: I just published a post on the inherent decentralization of the XRP Ledger ‚Äî a passion of mine. https://t.co/JAGsAsh5R3,78,0.4588,0.842,0.0,0.158
278,@Ripple,Tue Aug 21 20:40:49 +0000 2018,Tomorrow at 3pm PT @bgarlinghouse sits down with @corytv to answer your questions. Tune in live at‚Ä¶ https://t.co/wbvIcTZecj,79,0.0,1.0,0.0,0.0
279,@Ripple,Tue Aug 21 00:03:47 +0000 2018,"Check out Episode 4 of The Ripple Drop! @CoryTV on #XRP markets, @Marcosf0401 on xRapid partners, and @wsculley on‚Ä¶ https://t.co/AiFl2Nepi4",80,-0.3382,0.883,0.117,0.0
280,@Ripple,Fri Aug 17 19:00:38 +0000 2018,Next Wednesday at 3pm (PST) @bgarlinghouse will sit down for a livestream AMA moderated by @CoryTV. Got questions f‚Ä¶ https://t.co/nN9A9KbYLL,81,0.0,1.0,0.0,0.0
281,@Ripple,Thu Aug 16 14:16:02 +0000 2018,"RT @CoryTV: Dig this: As of right now @BittrexExchange, @Bitso and @coinsph are now official partners for xRapid transactions using #XRP. W‚Ä¶",82,0.0,1.0,0.0,0.0
282,@Ripple,Wed Aug 15 19:19:20 +0000 2018,Check out the latest speakers joining the #SwellbyRipple program: https://t.co/j8dC5KH4gV,83,0.0,1.0,0.0,0.0
283,@Ripple,Wed Aug 15 19:18:29 +0000 2018,"The most provocative dialogue on global payments, #blockchain and digital assets is less than two months away.‚Ä¶ https://t.co/BEWGuJ6rz1",84,0.1779,0.909,0.0,0.091
284,@Ripple,Wed Aug 15 17:52:19 +0000 2018,"RT @CatoCMFA: The @CatoInstitute Summit on Financial Regulation in San Francisco will feature Gerry Tsai of the @sffed, @CremeDeLaCrypto of‚Ä¶",85,0.0,1.0,0.0,0.0
285,@Ripple,Wed Aug 15 00:01:37 +0000 2018,RT @CoryTV: If he‚Äôs Emmanuel Goldstein does that make me Big Brother? Fun debating Nobel Laureate @PaulKrugman on the usefulness of blockch‚Ä¶,86,0.6705,0.784,0.0,0.216
286,@Ripple,Mon Aug 13 19:06:53 +0000 2018,"Help @JoelKatz be a speaker at #SXSW2019! Vote for his panel for next year‚Äôs event here:
https://t.co/lcrEEPgIaF",87,0.4574,0.834,0.0,0.166
287,@Ripple,Sat Aug 11 00:35:47 +0000 2018,Show your support for @raisingmalawi and help transform futures. https://t.co/HXoNb8xgms https://t.co/n1H3eO3u0x,88,0.6597,0.625,0.0,0.375
288,@Ripple,Fri Aug 10 00:57:05 +0000 2018,‚ÄúWe‚Äôre working with early adopters like Cuallix to bring the cost of remittances from the U.S. to Mexico down. The‚Ä¶ https://t.co/1McrnPo3MT,89,0.3612,0.889,0.0,0.111
289,@Ripple,Wed Aug 08 23:45:11 +0000 2018,"The Women at Ripple had a big turn out at #ThatLadyThing in San Francisco this week representing our engineering, m‚Ä¶ https://t.co/WyoZCMX9d1",90,0.0,1.0,0.0,0.0
290,@Ripple,Wed Aug 08 20:04:21 +0000 2018,"RT @JoelKatz: Want to see me discuss blockchain beyond the hype? It's SXSW panel picker time, and your vote can make it happen. Check it ou‚Ä¶",91,0.0772,0.951,0.0,0.049
291,@Ripple,Tue Aug 07 20:13:18 +0000 2018,RT @respbus: Interim Dean and the Director of the @BerkeleyHaas Institute for Business and Social Impact  @LauraDTyson  speaking now w/ @Mo‚Ä¶,92,0.0,1.0,0.0,0.0
292,@Ripple,Tue Aug 07 00:40:05 +0000 2018,"For Episode 3 of The Ripple Drop, we dive into the Swell program, take a sneak peek at our NYC Office and debrief w‚Ä¶ https://t.co/LTgDDJr7JJ",93,-0.2732,0.913,0.087,0.0
293,@Ripple,Mon Aug 06 17:02:38 +0000 2018,"""Ripple is 100% focused on the payments use case because all blockchain use cases ultimately stem from payments, an‚Ä¶ https://t.co/NsjK46jcDA",94,0.3818,0.88,0.0,0.12
294,@Ripple,Fri Aug 03 17:24:59 +0000 2018,Learn how SBI Remit and Siam Commercial Bank partnered on RippleNet to deliver better remittance services and lower‚Ä¶ https://t.co/8SBdwFnRgL,95,0.4404,0.861,0.0,0.139
295,@Ripple,Wed Aug 01 20:42:27 +0000 2018,Learn how RippleNet provides an innovative platform to source liquidity with both fiat and the digital asset #XRP. https://t.co/QqrcJsxCTR,96,0.6597,0.759,0.0,0.241
296,@Ripple,Tue Jul 31 16:03:06 +0000 2018,We're thrilled to announce @BillClinton as keynote speaker for this year‚Äôs #SwellbyRipple. For more details:‚Ä¶ https://t.co/LszzyeIDdH,97,0.4404,0.838,0.0,0.162
297,@Ripple,Mon Jul 30 19:17:14 +0000 2018,Partner with us to sponsor children thru @raisingmalawi and help transform their futures. https://t.co/3oDK7HI4fZ,98,0.4019,0.828,0.0,0.172
298,@Ripple,Thu Jul 26 19:09:49 +0000 2018,Need some inspiration to get your project over the next hurdle? Look no further we‚Äôve got you. Check out our must r‚Ä¶ https://t.co/Y9okcEvXVQ,99,0.296,0.789,0.083,0.128
299,@Ripple,Thu Jul 26 16:28:31 +0000 2018,"‚ÄúMoney should move as fast as ideas move as fast as data moves and right now it doesn‚Äôt.‚Äù
-@CoryTV on @FoxBusiness‚Ä¶ https://t.co/T6bieqfEKU",100,0.0,1.0,0.0,0.0
300,@ethereum,Thu Oct 04 16:12:29 +0000 2018,"RT @peter_szilagyi: Via community decision, we've delayed the #Ethereum Ropsten testnet Constantinople hard fork by 1 epoch to block #42300‚Ä¶",1,-0.6369,0.721,0.279,0.0
301,@ethereum,Fri Sep 28 13:55:33 +0000 2018,[LIVE] Ethereum Core Devs Meeting #47 [09/28/18] #ethereum https://t.co/2nEeCrkbmF,2,0.0,1.0,0.0,0.0
302,@ethereum,Thu Sep 20 13:04:56 +0000 2018,RT @maurreth: Do not miss the chance to discuss about @ETHBerlin projects at our meetup tonight: https://t.co/Tlqdbxy8qh @C-base with @5chd‚Ä¶,3,-0.0762,0.85,0.082,0.068
303,@ethereum,Mon Sep 17 21:30:09 +0000 2018,RT @0mkara: ‚ÄúRemix IDE v0.7.0 Released‚Äù by Yann Levreau https://t.co/zm5j2svwu3,4,0.0,1.0,0.0,0.0
304,@ethereum,Fri Sep 14 13:55:24 +0000 2018,[LIVE] Ethereum Core Devs Meeting #46 [09/14/18] #ethereum https://t.co/kvnoF8tVnf,5,0.0,1.0,0.0,0.0
305,@ethereum,Thu Sep 13 20:13:48 +0000 2018,[Blog] Solidity 0.4.25 bugfix release #ethereum #solidity https://t.co/jnbk6OdHk4,6,0.0,1.0,0.0,0.0
306,@ethereum,Thu Sep 06 10:00:39 +0000 2018,"If you're in the San Francisco area Oct 5-7, consider volunteering at @ETHsanfrancisco! Great way to get involved i‚Ä¶ https://t.co/0ETI0RtNkk",7,0.6588,0.812,0.0,0.188
307,@ethereum,Fri Aug 31 13:55:22 +0000 2018,[LIVE] Ethereum Core Devs Constantinople Session #1 [08/31/18] https://t.co/Jm4v8mecmL,8,0.0,1.0,0.0,0.0
308,@ethereum,Fri Aug 24 13:55:16 +0000 2018,[LIVE] Ethereum Core Devs Meeting #45 [08/23/18] #ethereum https://t.co/OLRe0Tg2ux,9,0.0,1.0,0.0,0.0
309,@ethereum,Thu Aug 23 19:35:34 +0000 2018,Come build on top of Ethereum @ETHSanFrancisco Oct. 5-7! Find out more by visiting https://t.co/nukPaEmoAV.,10,0.2714,0.87,0.0,0.13
310,@ethereum,Fri Aug 17 21:11:25 +0000 2018,[Blog] Ethereum Foundation Grants Update - Wave 3 #ethereum #grants https://t.co/9bcFBkOxjX https://t.co/hLNv6UMPbB,11,0.2263,0.826,0.0,0.174
311,@ethereum,Fri Aug 10 13:55:37 +0000 2018,[LIVE] Ethereum Core Devs Meeting #44 [08/10/18] https://t.co/05nXTRsObh,12,0.0,1.0,0.0,0.0
312,@ethereum,Mon Jul 30 23:39:18 +0000 2018,"[Blog] Devcon4 Call for Participation! Apply to be a speaker, workshop lead, or breakout room host https://t.co/Atq511ukmj",13,0.0,1.0,0.0,0.0
313,@ethereum,Sun Jul 29 17:15:59 +0000 2018,"SCAM ALERT! ""Ethereum Funds Recovery for ETH Losers"" is an attempt to steal your private key and ether. Be safe out‚Ä¶ https://t.co/nBaNRExuL7",14,-0.7574,0.498,0.332,0.171
314,@ethereum,Fri Jul 27 19:58:07 +0000 2018,[Blog] Answers to your top 3 Devcon4 questions https://t.co/DxLJ512iCo,15,0.2023,0.795,0.0,0.205
315,@ethereum,Fri Jul 27 13:55:32 +0000 2018,[LIVE] Ethereum Core Devs Meeting #43 [07/27/18]  https://t.co/R36DNXq6fP,16,0.0,1.0,0.0,0.0
316,@ethereum,Fri Jul 20 01:54:22 +0000 2018,"Devcon4 applications for discounts, scholarships, and sponsorships close Tuesday July 24th! Visit‚Ä¶ https://t.co/SeMKNHcghq",17,0.0,1.0,0.0,0.0
317,@ethereum,Tue Jul 17 15:51:41 +0000 2018,[Blog] An Update on Devcon4 Ticket Allocations &amp; Sales https://t.co/wVo6AQaFcZ,18,0.0,1.0,0.0,0.0
318,@ethereum,Fri Jul 13 13:56:37 +0000 2018,[LIVE] Ethereum Core Developer Meeting #42 [07/13/18] https://t.co/3voznB1L69,19,0.0,1.0,0.0,0.0
319,@ethereum,Tue Jul 03 21:18:04 +0000 2018,Follow @EFDevcon for the latest &amp; greatest Devcon4 news!,20,0.6696,0.64,0.0,0.36
320,@ethereum,Tue Jul 03 21:15:38 +0000 2018,Mark your calendars! Devcon4 tickets go on sale at 8AM PDT on July 9. Read about our Devcon4 ticketing process here‚Ä¶ https://t.co/yonOoqSK0m,21,0.0,1.0,0.0,0.0
321,@ethereum,Fri Jun 29 13:55:47 +0000 2018,[LIVE] Ethereum Core Developer Meeting #41 [06/29/18] https://t.co/CxqxC6pSYl,22,0.0,1.0,0.0,0.0
322,@ethereum,Fri Jun 22 02:14:12 +0000 2018,[Blog] Announcing Swarm Proof-of-Concept Release 3 #swarm https://t.co/hrxZhgAHac https://t.co/OcMPSbHiCG,23,0.0,1.0,0.0,0.0
323,@ethereum,Fri Jun 15 13:55:10 +0000 2018,[LIVE] Ethereum Core Developer Meeting #40 [06/15/18] https://t.co/iqucGaNi15  #ethereum #allcoredevs https://t.co/bDvhIpd2n4,24,0.0,1.0,0.0,0.0
324,@ethereum,Fri Jun 15 02:00:57 +0000 2018,12 hours until the Ethereum Core Developer Meeting #40. Check out the agenda - https://t.co/n2M3pCuWoN,25,0.0,1.0,0.0,0.0
325,@ethereum,Wed May 30 17:46:50 +0000 2018,ethereumJS client development has officially started! Learn how you can contribute: https://t.co/ipMf0CFpwS #ethereum #ethereumJS,26,0.0,1.0,0.0,0.0
326,@ethereum,Fri May 18 14:00:11 +0000 2018,[LIVE] Ethereum Core Developer Meeting #38 [05/18/18] https://t.co/TQ7deO2Q90 #ethereum #allcoredevs https://t.co/VmJuxG0l5f,27,0.0,1.0,0.0,0.0
327,@ethereum,Thu May 17 22:08:33 +0000 2018,16 hours until the Ethereum Core Devs Meeting #38. Excited to announce this will be live streamed via both YouTube‚Ä¶ https://t.co/4C8LqyECCd,28,0.34,0.893,0.0,0.107
328,@ethereum,Wed May 16 12:40:41 +0000 2018,RT @dannyryan: Just released Casper FFG v0.2.0 ‚Äî Partial Slashing and Friends https://t.co/PrCLt9vegY,29,0.25,0.658,0.138,0.204
329,@ethereum,Wed May 16 12:36:54 +0000 2018,"Remix IDE 0.6.3 Released!
https://t.co/cm97F8ca14",30,0.0,1.0,0.0,0.0
330,@ethereum,Fri May 11 14:42:27 +0000 2018,[Blog] Devcon4 Announcement. Join us in Prague Oct 30 - Nov 2! https://t.co/upwjnnyCGa #ethereum #devcon4,31,0.3595,0.839,0.0,0.161
331,@ethereum,Wed May 02 19:32:13 +0000 2018,[BLOG] Announcing May 2018 Cohort of EF Grants #ethereum #buidl https://t.co/PeuSYTMPvr,32,0.2263,0.84,0.0,0.16
332,@ethereum,Fri Apr 06 13:58:48 +0000 2018,[LIVE] Ethereum Core Developer Meeting #36 [04/06/18] https://t.co/NEfytsGM8K,33,0.0,1.0,0.0,0.0
333,@ethereum,Fri Apr 06 02:33:50 +0000 2018,11.5 hours until Ethereum Core Developer Meeting #36! Lots of interesting agenda items. Tune in live! #ethereum https://t.co/bWTGqzh8DK,34,0.508,0.838,0.0,0.162
334,@ethereum,Sun Apr 01 14:05:50 +0000 2018,[BLOG] Announcing World Trade Francs: The Official Ethereum Stablecoin #ethereum https://t.co/yEmEuC8ghK,35,0.0,1.0,0.0,0.0
335,@ethereum,Fri Mar 23 13:54:15 +0000 2018,[LIVE] Ethereum Core Developer Meeting #35 [3/23/18] https://t.co/1sDC1v2d4a #Ethereum,36,0.0,1.0,0.0,0.0
336,@ethereum,Fri Mar 23 06:01:08 +0000 2018,"Ethereum Core Developer Meeting in 8 Hours! #Ethereum #CoreDevMeeting
https://t.co/CJI8uu8ddo",37,0.0,1.0,0.0,0.0
337,@ethereum,Wed Feb 14 16:44:22 +0000 2018,"RT @peter_szilagyi: Geth v1.8.0: Iceberg is out! Go and light sync #Ethereum within a minute! ;) #golang https://t.co/FJrXCvkCT2

Btw, this‚Ä¶",38,0.3578,0.879,0.0,0.121
338,@ethereum,Fri Feb 09 13:51:23 +0000 2018,[LIVE] Ethereum Core Devs Meeting #33 [2/9/18] https://t.co/2mXk5wPxvm #Ethereum,39,0.0,1.0,0.0,0.0
339,@ethereum,Wed Jan 31 20:53:05 +0000 2018,[Blog] Farewell and Welcome https://t.co/cImDr8yWoq,40,0.4588,0.571,0.0,0.429
340,@ethereum,Wed Jan 31 18:40:05 +0000 2018,[Blog] To Infinity and Beyond! https://t.co/OmwmnhGxtR,41,0.0,1.0,0.0,0.0
341,@ethereum,Fri Jan 26 13:48:26 +0000 2018,[LIVE] Ethereum Core Devs Meeting #32 [1/26/18] https://t.co/yZcU4fXeNz #Ethereum,42,0.0,1.0,0.0,0.0
342,@ethereum,Mon Jan 22 04:30:03 +0000 2018,[Developer Update] Ethereum Core Developers Meeting #31 [1/12/17] video and notes are up! Lots of EWASM news!‚Ä¶ https://t.co/H2R8hAJsQ7,43,0.0,1.0,0.0,0.0
343,@ethereum,Mon Dec 18 01:45:42 +0000 2017,[Developer Update] Ethereum Core Developers Meeting #29 [12/01/17] &amp; #30 [12/15/17]  video and notes are up!‚Ä¶ https://t.co/ePrgsrp9Ag,44,0.0,1.0,0.0,0.0
344,@ethereum,Fri Dec 15 13:50:05 +0000 2017,[LIVE] Ethereum Core Devs Meeting #30 [12/15/17] https://t.co/sKGBGKjRKJ #Ethereum #CoreDevsMeeting30,45,0.0,1.0,0.0,0.0
345,@ethereum,Fri Dec 15 09:16:54 +0000 2017,[SECURITY ALERT] Warning to users of Mist Browser -- https://t.co/DeUqHJvzDh,46,-0.34,0.789,0.211,0.0
346,@ethereum,Fri Dec 15 05:16:42 +0000 2017,Come watch the Ethereum Core Developer Meeting #30 in 9 hours! Meeting is live streamed. https://t.co/yupyqgzPTG,47,0.0,1.0,0.0,0.0
347,@ethereum,Fri Dec 01 13:57:12 +0000 2017,[LIVE] Ethereum Core Devs Meeting #29 [12/01/17] https://t.co/O5IGTHz987  #Ethereum #CoreDevsMeeting9,48,0.0,1.0,0.0,0.0
348,@ethereum,Sun Nov 26 22:39:37 +0000 2017,#Devcon3 videos now available! See #Ethereum blog post for more info https://t.co/qEICWngmN2,49,0.0,1.0,0.0,0.0
349,@ethereum,Fri Nov 17 22:28:09 +0000 2017,Notes from Ethereum Core Devs Meeting #28 [11/17/17] https://t.co/qgpgwfn4cf,50,0.0,1.0,0.0,0.0
350,@ethereum,Fri Nov 17 13:59:51 +0000 2017,[LIVE] Ethereum Core Devs Meeting #28 [11/17/17]  https://t.co/OK0bkahmiR #Ethereum #CoreDevsMeeting,51,0.0,1.0,0.0,0.0
351,@ethereum,Thu Nov 16 22:59:04 +0000 2017,Thanks to @mingchan88 for an amazing Devcon3! https://t.co/hvBG1bvnsO  #ethereum #devcon,52,0.7901,0.534,0.0,0.466
352,@ethereum,Wed Nov 01 15:06:50 +0000 2017,"Live Stream of Devcon3: https://t.co/aChxRbQnfb
#Ethereum #Devcon",53,0.0,1.0,0.0,0.0
353,@ethereum,Sun Oct 29 02:22:11 +0000 2017,Devcon3 airport transfer: book group rate https://t.co/h1CYP13axs #Ethereum #Devcon,54,0.0,1.0,0.0,0.0
354,@ethereum,Sun Oct 15 11:34:48 +0000 2017,[URGENT] Update your Ethereum clients! Less than 24 hours until the Byzantium hard fork. https://t.co/rlIHvUspjW,55,-0.1759,0.892,0.108,0.0
355,@ethereum,Sat Oct 14 13:15:47 +0000 2017,[URGENT RELEASE] Update your geth clients to v1.7.2. Fixes a Byzantium EVM DoS vulnerability. Update ASAP! https://t.co/SyQdbuJ8Td,56,-0.2942,0.872,0.128,0.0
356,@ethereum,Sat Oct 14 08:06:48 +0000 2017,[NEW RELEASE] Mist and Ethereum Wallet 0.9.2 with Electron security fix. Upgrading is highly recommended. https://t.co/RqoUvcmLXO,57,0.5413,0.757,0.0,0.243
357,@ethereum,Thu Oct 12 05:39:55 +0000 2017,[Blog] Byzantium Hard Fork Announcement. Update your clients! https://t.co/rlIHvUspjW,58,-0.1759,0.825,0.175,0.0
358,@ethereum,Tue Oct 10 05:08:04 +0000 2017,[Blog] #Ethereum Roundup #6: Byzantium https://t.co/n8TyQrKcuD,59,0.0,1.0,0.0,0.0
359,@ethereum,Wed Oct 04 07:31:02 +0000 2017,RT @peter_szilagyi: Geth v1.7.1 (Ptolemy) out! Byzantium enabled on #Ethereum mainnet (17th) and Rinkeby testnet (9th). Please update! http‚Ä¶,60,0.4374,0.862,0.0,0.138
360,@ethereum,Thu Sep 28 03:05:50 +0000 2017,"RT @evertonfraga: Important security fix in Mist v0.9.1, please update yours. Bonus track: Light Client Integration \o/ https://t.co/pz9wnC‚Ä¶",61,0.9042,0.496,0.0,0.504
361,@ethereum,Wed Sep 27 02:07:50 +0000 2017,[Developer Update] Ethereum Core Developers Meeting #25 [9/22/2017] Video and notes are up! #Ethereum #Byzantium https://t.co/USHcCrwjDK,62,0.0,1.0,0.0,0.0
362,@ethereum,Tue Sep 26 15:11:57 +0000 2017,We‚Äôre pleased to announce @ethStatus as the exclusive Universal Sponsor of #Devcon3. https://t.co/ufZ6D8lKzv #Ethereum,63,0.5267,0.732,0.0,0.268
363,@ethereum,Wed Sep 20 03:40:15 +0000 2017,[Breaking]: #Ethereum bug bounty reward temporarily doubled for vulnerabilities affecting consensus or Geth DoS!‚Ä¶ https://t.co/z3L19uaUWZ,64,0.5255,0.699,0.086,0.215
364,@ethereum,Wed Sep 20 03:38:12 +0000 2017,#Byzantium (Metropolis pt 1) hard fork went live on Ropsten testnet yesterday https://t.co/hUNWVg0ect https://t.co/krs9D7GqUE,65,-0.1027,0.903,0.097,0.0
365,@ethereum,Thu Sep 14 14:43:33 +0000 2017,"[New Blog] Geth 1.7 - Megara: Faster, Slimmer, Byzantium enabled! 
https://t.co/RndMHahdy0 https://t.co/rpnnAGFMza",66,0.0,1.0,0.0,0.0
366,@ethereum,Mon Sep 11 13:44:39 +0000 2017,"RT @hudsonjameson: Ethereum's ERC-20 token standard has been formalized as an EIP! üçæ
https://t.co/58TXuP88ih https://t.co/XJnySmg8C1",67,0.0,1.0,0.0,0.0
367,@ethereum,Fri Sep 08 18:03:56 +0000 2017,[Developer Update] Ethereum Core Developers Meeting #24 [9/8/2017] Video and notes are up! #Ethereum #Metropolis https://t.co/z9BtDvv9N0,68,0.0,1.0,0.0,0.0
368,@ethereum,Wed Sep 06 20:50:00 +0000 2017,Such a meaningful sign #Ethereum has gained broad interest community dreamed of. See @indexaward's vid for our intro https://t.co/8ouWrxcNk3,69,0.7845,0.655,0.0,0.345
369,@ethereum,Wed Aug 23 12:03:54 +0000 2017,[Blog] Ethereum Roundup #5: Technical Development Updates https://t.co/Fhbm6lYeAB,70,0.0,1.0,0.0,0.0
370,@ethereum,Wed Aug 23 12:00:06 +0000 2017,"[New #Ethereum blog post]: ""Statement Objecting To #EME as a #W3C Recommendation"" https://t.co/XOhJAHKbKk",71,0.0,1.0,0.0,0.0
371,@ethereum,Wed Jul 19 19:35:36 +0000 2017,[SECURITY ALERT] See Parity multi-sig wallet vulnerability post @ParityTech https://t.co/dyFSsEMqHV,72,-0.2263,0.826,0.174,0.0
372,@ethereum,Tue Jul 11 03:43:24 +0000 2017,"July 10, 2017: #Devcon3 is now #soldout! Working to provide free live streaming. #Ethereum https://t.co/ceqyRSZ9zW",73,0.5562,0.796,0.0,0.204
373,@ethereum,Sat Jul 08 00:03:33 +0000 2017,"[New #Ethereum blog post]: ""Roundup Q2"" https://t.co/HMxzvy00DJ",74,0.0,1.0,0.0,0.0
374,@ethereum,Mon Jul 03 18:22:45 +0000 2017,"#Devcon3 extending advanced purchase pricing for passes - to July 10, subject to availability https://t.co/ceqyRSZ9zW #ethereum",75,0.25,0.875,0.0,0.125
375,@ethereum,Thu Jun 29 23:51:55 +0000 2017,EthereumJS Team is Seeking Contributors. Help support the Ethereum ecosystem!  https://t.co/zWdMGrjXIy,76,0.69,0.613,0.0,0.387
376,@ethereum,Fri Jun 16 16:00:38 +0000 2017,[Update] Metropolis QA/Testing Guide #metropolis #ethereum https://t.co/Y59XJOIRp4,77,0.0,1.0,0.0,0.0
377,@ethereum,Fri Jun 02 23:21:04 +0000 2017,[Breaking]: Devcon3 registration is now open! https://t.co/ceqyRSZ9zW #ethereum #devcon,78,0.0,1.0,0.0,0.0
378,@ethereum,Fri Jun 02 08:04:06 +0000 2017,Help Wanted: Metropolis QA/Testing. Exciting opportunity to support the Ethereum ecosystem! https://t.co/bV9GikK9aR,79,0.8932,0.406,0.0,0.594
379,@ethereum,Thu Jun 01 19:03:09 +0000 2017,If anyone is having geth client nodes drop offline due to the mainnet attacks please update to Geth v1.6.5. https://t.co/1xDce0bWQq,80,-0.4939,0.645,0.262,0.093
380,@ethereum,Wed May 31 20:28:27 +0000 2017,Recommendations to miners to change gas limit and gas price settings https://t.co/tZiqgnn2nV,81,0.0,1.0,0.0,0.0
381,@ethereum,Mon May 29 02:45:52 +0000 2017,"[Developer Update] Ethereum Core Developers Meeting #16 [5/19/2017] Video is Up!
https://t.co/ADDofRjLnE",82,0.0,1.0,0.0,0.0
382,@ethereum,Fri May 26 18:17:58 +0000 2017,[New blog post]: #Ethereum R&amp;D Roundup: Round III https://t.co/whOSvuJiG3,83,0.0,1.0,0.0,0.0
383,@ethereum,Fri May 26 18:13:57 +0000 2017,[Coming up-July 13-19]: #IC3 and #Ethereum Foundation join again for 2nd Crypto #Bootcamp at #Cornell. https://t.co/L3GOkMf9O0 @initc3org,84,0.296,0.879,0.0,0.121
384,@ethereum,Thu Apr 27 21:25:36 +0000 2017,[Developer Update] Ethereum Core Developers Meeting #14 [4/21/2017]: Notes &amp; Video https://t.co/ksM4luUSLj,85,0.0,1.0,0.0,0.0
385,@ethereum,Wed Apr 12 08:03:13 +0000 2017,"[Developer Update] Ethereum Core Developers Meeting #13 [4/7/2017]: Notes &amp; Video
https://t.co/QhQyB0R2lI",86,0.0,1.0,0.0,0.0
386,@ethereum,Fri Mar 24 20:39:42 +0000 2017,Ropsten #testnet revived thanks to generous miners! https://t.co/lGzbOkHQOJ  #ethereum #dapp,87,0.7574,0.552,0.0,0.448
387,@ethereum,Tue Mar 21 01:56:53 +0000 2017,New blog by Martin Becze: #Ethereum JavaScripting Ecosystem Updates! https://t.co/pBUxBkS5G3,88,0.0,1.0,0.0,0.0
388,@ethereum,Mon Mar 20 06:12:52 +0000 2017,[Developer Update] Ethereum Core Developers Meeting #12: Notes &amp; Video https://t.co/ONRVBzEfe5,89,0.0,1.0,0.0,0.0
389,@ethereum,Wed Mar 15 22:22:17 +0000 2017,"[Breaking] 2017 dates for #Devcon3 in Cancun: November 1, 2, 3, 4. Save-the-date https://t.co/cLmTRSQet3 #ethereum",90,0.0,1.0,0.0,0.0
390,@ethereum,Fri Feb 24 04:25:15 +0000 2017,"RT @ethchris: Talk: Introduction to Cryptoeconomics - @VitalikButerin, Ethereum Meetup Berlin: https://t.co/dNZtVbeZ73",91,0.0,1.0,0.0,0.0
391,@ethereum,Fri Feb 24 01:17:06 +0000 2017,"Check out @hudsonjameson speaking on Ethereum's community, dev tools and roadmap https://t.co/qXunMhiicu #Metropolis #Ethereum",92,0.0,1.0,0.0,0.0
392,@ethereum,Sun Feb 19 16:54:52 +0000 2017,"Join @alexberegszaszi and Martin Becze for ""WebAssembly: A Deep Dive into Ethereum's Future"" Feb. 22nd in Budapest!
https://t.co/QVgPYe0eMU",93,0.3595,0.865,0.0,0.135
393,@ethereum,Tue Feb 14 17:33:08 +0000 2017,Another #Devcon3 teaser: venue is Cancun; early November!  Save-the-date page coming next #ethereum,94,-0.3164,0.84,0.16,0.0
394,@ethereum,Tue Feb 14 17:27:48 +0000 2017,[New blog post]: #Ethereum R&amp;D Roundup: Valentine‚Äôs Day Edition https://t.co/IiTyIQX4P5,95,0.0,1.0,0.0,0.0
395,@ethereum,Fri Feb 10 12:00:38 +0000 2017,#Devcon3 planning underway - will be in the Americas this fall! Stay tuned! #ethereum,96,0.0,1.0,0.0,0.0
396,@ethereum,Thu Feb 02 20:31:38 +0000 2017,EIP (Ethereum Improvement Proposal) system has received a major update! #progress #Ethereum https://t.co/XbgHfH3Ls8,97,0.5093,0.77,0.0,0.23
397,@ethereum,Thu Jan 19 19:23:56 +0000 2017,New blog: An Update on Integrating @zcashco on Ethereum (ZoE) by @ethchris #ProjectAlchemy  #ZoE #zkSNARKS https://t.co/SvXlQaj2Eb,98,0.0,1.0,0.0,0.0
398,@ethereum,Fri Jan 13 23:22:05 +0000 2017,RT @nicksdjohnson: We just deployed support for reverse name resolution to @ethereumproject‚Äôs Ropsten test net! https://t.co/WXEWNj52x5,99,0.4574,0.834,0.0,0.166
399,@ethereum,Fri Jan 13 21:06:39 +0000 2017,RT @ethchris: #solidity version 0.4.8 released https://t.co/SddzMpIpkt featuring a faster optimizer!,100,0.4199,0.763,0.0,0.237
400,@0xProject,Tue Oct 09 19:24:36 +0000 2018,üöÄ https://t.co/f24Gc1mAuT,1,0.0,1.0,0.0,0.0
401,@0xProject,Tue Oct 09 03:22:07 +0000 2018,Migration to v2.0 is almost complete! https://t.co/L3tRWGzRtw,2,0.0,1.0,0.0,0.0
402,@0xProject,Mon Oct 08 23:42:17 +0000 2018,Thanks to all the organizers and hackers who made ETHSF happen. We look forward to seeing future developments on 0x!,3,0.4926,0.856,0.0,0.144
403,@0xProject,Mon Oct 08 23:42:17 +0000 2018,"#2: Fungible NFTs, a project that creates tokens to represent shares in a non-fungible token and allow fractional o‚Ä¶ https://t.co/jM9EB1RNsy",4,0.6369,0.708,0.0,0.292
404,@0xProject,Mon Oct 08 23:42:16 +0000 2018,"#1: Primotif, a project that combines @AugurProject and @dydxprotocol futures in a @SetProtocol bundle to create sy‚Ä¶ https://t.co/gihjkaPEPJ",5,0.2732,0.877,0.0,0.123
405,@0xProject,Mon Oct 08 23:42:16 +0000 2018,We were so impressed by the number and quality of projects building on 0x at @ETHSanFrancisco! We have decided to a‚Ä¶ https://t.co/g1aqxTMKcq,6,0.6791,0.782,0.0,0.218
406,@0xProject,Sun Oct 07 20:31:26 +0000 2018,"Hey 0x hackers @ETHSanFrancisco üëã. We‚Äôre judging 0x submissions until 3 PM at the 0x table. 

Feel free to swing by‚Ä¶ https://t.co/e1TL2HX2T9",7,0.5106,0.858,0.0,0.142
407,@0xProject,Sat Oct 06 06:31:25 +0000 2018,"RT @ledgerdex: We are very excited to announce that LedgerDex has been upgraded to Version 2:
https://t.co/9ufQFglodz",8,0.4005,0.856,0.0,0.144
408,@0xProject,Fri Oct 05 00:04:43 +0000 2018,"0x will be hosting a meetup in San Francisco on October 11th at 6pm to discuss the recent launch of v2.0, hear from‚Ä¶ https://t.co/qcICKvTj1K",9,0.0,1.0,0.0,0.0
409,@0xProject,Thu Oct 04 16:53:08 +0000 2018,The emerging Security Token Tech Stack ü•û https://t.co/3gyoMPdkhj,10,0.34,0.714,0.0,0.286
410,@0xProject,Wed Oct 03 18:01:12 +0000 2018,0x tracker is now tracking v2.0 trading activity üéâ announces plans to open source for external contributions üôå‚Ä¶ https://t.co/nuhexsGKDm,11,0.0,1.0,0.0,0.0
411,@0xProject,Wed Oct 03 00:33:55 +0000 2018,"RT @rahulsingireddy: Relayer Report #11 Highlights:
-Interview with a very cool gaming+blockchain project @GodsUnchained and how they're us‚Ä¶",12,0.3804,0.861,0.0,0.139
412,@0xProject,Wed Oct 03 00:11:43 +0000 2018,"RT @DharmaProtocol: DeFi Summit is in three days! Join the DeFi community for engaging discussions and workshops.

Breakout sessions will b‚Ä¶",13,0.5983,0.795,0.0,0.205
413,@0xProject,Tue Oct 02 23:36:25 +0000 2018,We are excited to announce the addition of Jason Somensatto (‚Å¶@jasonsomensatto‚Å©) as Strategic Legal Counsel! Jason‚Ä¶ https://t.co/noY6jRXTxl,14,0.4926,0.782,0.0,0.218
414,@0xProject,Tue Oct 02 12:25:15 +0000 2018,"0x at SF Blockchain Week:
üõ†Ô∏è hackathon ideas for @ETHSanFrancisco 
üéâ events + presentations with the 0x core team
https://t.co/nKKBzArWgO",15,0.0,1.0,0.0,0.0
415,@0xProject,Thu Sep 27 16:34:38 +0000 2018,"Blockchain Governance
https://t.co/pbTJJOtwzW",16,0.0,1.0,0.0,0.0
416,@0xProject,Thu Sep 27 16:30:17 +0000 2018,Radar Relay has migrated to 0x v2.0! üöÄ https://t.co/wa2jD2CM9t,17,0.0,1.0,0.0,0.0
417,@0xProject,Tue Sep 25 22:19:59 +0000 2018,"(2/2) Next, we are pleased to share that Rahul (@rahulsingireddy) - the wordsmith behind the Relayer Report - has j‚Ä¶ https://t.co/kue69wy3NJ",18,0.6249,0.769,0.0,0.231
418,@0xProject,Tue Sep 25 22:19:59 +0000 2018,(1/2) We are thrilled to announce the addition of two new members of the 0x core team! Weijie has joined as a Resea‚Ä¶ https://t.co/HhjEkEVPzR,19,0.4926,0.873,0.0,0.127
419,@0xProject,Tue Sep 25 20:06:41 +0000 2018,huge update from the @ERCdEX team! üõ†Ô∏è https://t.co/pXE7y6ps3a,20,0.3802,0.73,0.0,0.27
420,@0xProject,Tue Sep 25 18:59:34 +0000 2018,RT @sendwyre: Just going live w/ @0xProject üöÄ #wyretalks @aqxu @tomhschmidt - feel free to ask us any questions üëç https://t.co/mNKM6w9ERk,21,0.5106,0.837,0.0,0.163
421,@0xProject,Tue Sep 25 18:46:58 +0000 2018,"Reddit AMA with the 0x core team! Feel free to post questions starting... now! üë©‚Äçüíªüë®üèΩ‚Äçüíª
https://t.co/E0mHzkhupR",22,0.5972,0.794,0.0,0.206
422,@0xProject,Tue Sep 25 18:33:43 +0000 2018,"August development updates - only 25 days late!
üöÄ v2.0 live on mainnet
üõ†Ô∏è docs + dev tools updated to v2.0
üõ†Ô∏è porta‚Ä¶ https://t.co/amUBDMyirG",23,0.0,1.0,0.0,0.0
423,@0xProject,Mon Sep 24 21:23:36 +0000 2018,RT @sendwyre: üì°üé•üì°#WyreTalks will be LIVE here tomorrow at 11:45am PDT with guests @aqxu and @tomhschmidt from @0xProject! We'll be answerin‚Ä¶,24,0.0,1.0,0.0,0.0
424,@0xProject,Mon Sep 24 18:00:14 +0000 2018,"0x leads the way for ‚Äòtokenization‚Äô of the world, and collectible game items are next @VentureBeat
https://t.co/iHptIdGrAZ",25,0.0,1.0,0.0,0.0
425,@0xProject,Mon Sep 24 17:58:24 +0000 2018,"0x protocol v2.0 is live!
https://t.co/ZNroZY31FM",26,0.0,1.0,0.0,0.0
426,@0xProject,Thu Sep 20 23:34:39 +0000 2018,RT @aqxu: Can't wait to announce our newest set of hires in the next couple weeks...the best part of my job is working with amazing people.‚Ä¶,27,0.8402,0.75,0.0,0.25
427,@0xProject,Thu Sep 20 23:20:24 +0000 2018,The largest Ethereum hackathon in the world is happening in SF on Oct 5-7. @ETHSanFrancisco is beginner friendly an‚Ä¶ https://t.co/9gUDuHPp1D,28,0.4939,0.856,0.0,0.144
428,@0xProject,Wed Sep 19 22:26:47 +0000 2018,"RT @rahulsingireddy: New Relayer Report! 

Highlights:
-@DavidSacks joins 0x as an advisor
-v2 live with bug bounty 
-@wheatpond on value c‚Ä¶",29,0.4003,0.881,0.0,0.119
429,@0xProject,Tue Sep 18 23:59:52 +0000 2018,We are excited to announce the addition of Gene to the 0x core team! Gene will be working on Developer Experience.‚Ä¶ https://t.co/0ynIfHgT5x,30,0.4003,0.886,0.0,0.114
430,@0xProject,Tue Sep 18 16:30:19 +0000 2018,üöÄ https://t.co/cdUU69hJKW,31,0.0,1.0,0.0,0.0
431,@0xProject,Fri Sep 14 09:50:23 +0000 2018,RT @abeaamase: Decided to open source the mobidex app: https://t.co/TjJ5B7yj54. #opensource #erc20 #cryptotrading,32,0.0,1.0,0.0,0.0
432,@0xProject,Wed Sep 12 12:20:20 +0000 2018,"Whether p2p, orderbook, auction, or automated market maker - what's important is that we create a tokenized world w‚Ä¶ https://t.co/uYVNypoTY4",33,0.4404,0.804,0.0,0.196
433,@0xProject,Mon Sep 10 21:02:03 +0000 2018,"RT @willwarren89: There are going to be so many dollar-backed tokens and/or dollar-pegged stablecoins. 

Can someone with a product backgro‚Ä¶",34,0.0,1.0,0.0,0.0
434,@0xProject,Mon Sep 10 18:59:15 +0000 2018,RT @aqxu: Tokenize die welt üåç @0xProject https://t.co/8TzmhEaRLE,35,-0.5994,0.606,0.394,0.0
435,@0xProject,Sun Sep 09 12:50:48 +0000 2018,The 0x team is thrilled to welcome @DavidSacks to our advisory board - to help guide us in our mission to create a‚Ä¶ https://t.co/Z7YkyGia25,36,0.8658,0.64,0.0,0.36
436,@0xProject,Sun Sep 09 11:03:18 +0000 2018,At @ETHBerlin and interested in joining the 0x core team? Come talk to the team at our table in the courtyard (look for 0x tablecloth)! üë©‚Äçüíª,37,0.4574,0.893,0.0,0.107
437,@0xProject,Fri Sep 07 17:22:24 +0000 2018,"RT @b0xNet: bZx announces Mainnet Launch, releases ZK Labs security audit, and unveils upcoming Relay Integrations!

https://t.co/FS3fNLnrh‚Ä¶",38,0.4003,0.856,0.0,0.144
438,@0xProject,Fri Sep 07 15:35:14 +0000 2018,"Brainstorming hackathon ideas for @ETHBerlin? We've got some üî• ideas for you! Check it out üëá
https://t.co/a9yupZ0sn2",39,0.0,1.0,0.0,0.0
439,@0xProject,Fri Sep 07 10:16:22 +0000 2018,"ETHBerlin üëã 

Come find the 0x team at our booth! We'll be hacking, mentoring, and sponsoring the hackathon. Take a‚Ä¶ https://t.co/5BdnTrk3Io",40,0.0,1.0,0.0,0.0
440,@0xProject,Fri Sep 07 06:07:28 +0000 2018,RT @DavidSacks: Excited to join the advisory board of @0xProject - one of the most important projects in crypto - which is helping to build‚Ä¶,41,0.7841,0.681,0.0,0.319
441,@0xProject,Wed Sep 05 22:29:12 +0000 2018,"After many months of development and audits, 0x v2 is live (in beta) on the Ethereum blockchain! Now the bug bounty‚Ä¶ https://t.co/dc9UCLRqWb",42,0.0,1.0,0.0,0.0
442,@0xProject,Wed Sep 05 14:58:16 +0000 2018,RT @veilmarket: Going to be in Berlin this weekend? We'd love your feedback on our alpha. @AugurProject + @0xProject + @veilmarket = üåüüî•. ht‚Ä¶,43,0.6369,0.826,0.0,0.174
443,@0xProject,Fri Aug 31 16:21:20 +0000 2018,"RT @ddex_io: DDEX product updatesÔºö
‚úîÔ∏èOfficially changed wrapped Ethereum (WETH) as ETH market's base token.
‚úîÔ∏èImproved order book's trade f‚Ä¶",44,0.0,1.0,0.0,0.0
444,@0xProject,Fri Aug 24 22:46:39 +0000 2018,"Plant wall: ‚úÖ
Tokenized world where all value can flow freely: ‚è≥ https://t.co/bo7EuVzMCA",45,0.6486,0.629,0.0,0.371
445,@0xProject,Tue Aug 21 15:52:25 +0000 2018,Relayer Report #8 is out üì∞ @rahulsingireddy returns from his trip with a variety of updates: https://t.co/ljzNyRjl8E,46,0.0,1.0,0.0,0.0
446,@0xProject,Mon Aug 20 23:55:03 +0000 2018,We are thrilled to announce the addition of Matt Taylor (@mattytay) to the 0x core team! He will be driving forward‚Ä¶ https://t.co/IV17hOIMzf,47,0.4926,0.868,0.0,0.132
447,@0xProject,Mon Aug 20 01:46:34 +0000 2018,RT @ETHSanFrancisco: ETHSanFrancisco is live! Come to the City by the Bay Oct. 5-7 to #buidl the decentralized future! Hacker applications‚Ä¶,48,0.0,1.0,0.0,0.0
448,@0xProject,Sun Aug 19 21:12:26 +0000 2018,@YondonFu @Medium ü§´,49,0.0,1.0,0.0,0.0
449,@0xProject,Thu Aug 16 00:14:47 +0000 2018,Congrats to @TheOceanTrade on mainnet launch! üöÄ https://t.co/dG3CW1mKZy,50,0.5707,0.619,0.0,0.381
450,@0xProject,Wed Aug 15 03:42:42 +0000 2018,"RT @TheOceanTrade: Launch is tomorrow! Trade 11 tokens across our order books (with many more to come). üéâ

Thanks to @MakerDAO, @RequestNet‚Ä¶",51,0.5355,0.853,0.0,0.147
451,@0xProject,Tue Aug 14 19:13:50 +0000 2018,"July development updates:
üõ†Ô∏è New v2 dev tools + docs
üîí 1st security audit completed
üíÖ Launched 0x Portal
üîç Updated‚Ä¶ https://t.co/nZsX7Uph2g",52,0.4404,0.804,0.0,0.196
452,@0xProject,Tue Aug 14 19:01:39 +0000 2018,"RT @ParadexIO: Toward a million markets, and how @ParadexIO is going to get there.

Today we‚Äôre adding:
- $ANT
- $AST
- $BNB
- $CVC
- $DNT‚Ä¶",53,0.0,1.0,0.0,0.0
453,@0xProject,Tue Aug 14 19:01:16 +0000 2018,üî•üî•üî• https://t.co/z9wfC8lo8x,54,0.0,1.0,0.0,0.0
454,@0xProject,Tue Aug 14 05:45:14 +0000 2018,"RT @ledgerdex: ""Centralized exchanges are just like TV Stations. Decentralized exchanges, when properly constructed, can function like YouT‚Ä¶",55,0.6124,0.762,0.0,0.238
455,@0xProject,Thu Aug 09 20:13:53 +0000 2018,We are thrilled to announce the addition of Clay Robbins (@crabbylions) to the 0x core team! Clay will be helping u‚Ä¶ https://t.co/S8Oy2tON2M,56,0.6588,0.788,0.0,0.212
456,@0xProject,Thu Aug 09 01:46:22 +0000 2018,Our mission to create a tokenized world where all value can flow freely extends to all parts of the globe üåè. We lea‚Ä¶ https://t.co/7xwaKJNBmf,57,0.7845,0.681,0.0,0.319
457,@0xProject,Wed Aug 08 22:33:50 +0000 2018,"Congrats to @TheOceanTrade on mainnet launch! üéâ  Beautiful product, take a look! https://t.co/bm8JT1ceCf",58,0.8353,0.533,0.0,0.467
458,@0xProject,Wed Aug 08 18:23:39 +0000 2018,Getting up to speed on all things 0x can seem challenging if you‚Äôre new to the space. This blog post provides intro‚Ä¶ https://t.co/eGN3009FDW,59,0.1531,0.932,0.0,0.068
459,@0xProject,Mon Aug 06 02:24:48 +0000 2018,Update: Meetup will begin at *7pm* instead of 6pm. See you all tonight!,60,0.0,1.0,0.0,0.0
460,@0xProject,Sat Aug 04 09:47:30 +0000 2018,"0x Meetup in Seoul on Monday, 8/6! üá∞üá∑

Join us to learn more about 0x and how you could contribute to the future of‚Ä¶ https://t.co/BfE2AfGYHg",61,0.3595,0.906,0.0,0.094
461,@0xProject,Fri Aug 03 14:24:00 +0000 2018,"The 0x ecosystem is moving fast! Check out updates from relayers about tech upgrades, new language and token suppor‚Ä¶ https://t.co/4uk0G62Xig",62,0.0,1.0,0.0,0.0
462,@0xProject,Thu Aug 02 23:57:23 +0000 2018,RT @TechCrunch: Decentralized exchange Radar Relay raises $10 million https://t.co/oHZcV1nHq9 by @romaindillet,63,0.0,1.0,0.0,0.0
463,@0xProject,Wed Aug 01 16:47:31 +0000 2018,Congrats to the @RadarRelay team for closing their Series A üôå https://t.co/EQn7Hnv4qC,64,0.5267,0.726,0.0,0.274
464,@0xProject,Tue Jul 31 08:07:58 +0000 2018,"Incredible creativity and energy from all the hackers @nifty_hacks! 

üèÜ STIFTIES took the 0x prize :congrats:
üóíÔ∏è st‚Ä¶ https://t.co/FKD0ptsylF",65,0.807,0.644,0.0,0.356
465,@0xProject,Tue Jul 31 00:48:07 +0000 2018,"0x will be joining @ddex_io for a meetup on Thursday, 8/2 in Chaoyang, Beijing! 

üë©‚Äçüíª Developers encouraged to atte‚Ä¶ https://t.co/AQnxRP8USs",66,0.4199,0.866,0.0,0.134
466,@0xProject,Mon Jul 30 18:41:51 +0000 2018,Interested in turning a crypto obsession into a career? Check out our new Careers page! https://t.co/nCH6VKZ0Ib https://t.co/UXpfcjcHVB,67,0.1511,0.707,0.13,0.163
467,@0xProject,Sat Jul 28 01:18:06 +0000 2018,0x will be @Tsinghua_Uni SEM in Beijing hosted by @amino_capital! Join us to learn more about developing on 0x and‚Ä¶ https://t.co/q6CzwxpMBj,68,0.3595,0.889,0.0,0.111
468,@0xProject,Sat Jul 28 00:38:54 +0000 2018,"0x and imToken is hosting a meetup with @ethfans in Hangzhou on Sunday 7/29! Come learn more about:

üîÑ DEX
üë©‚Äçüíª 0x v‚Ä¶ https://t.co/Itpa1H7vy6",69,0.0,1.0,0.0,0.0
469,@0xProject,Wed Jul 25 07:02:34 +0000 2018,"Find the 0x table in ""The Battleground"" room if you have questions or running into any issues!",70,-0.4574,0.842,0.158,0.0
470,@0xProject,Wed Jul 25 03:43:08 +0000 2018,Thanks to those who attended the Building Marketplaces on 0x workshop at @nifty_hacks. You can find @dekz's slides‚Ä¶ https://t.co/fKHqGvx30n,71,0.4404,0.861,0.0,0.139
471,@0xProject,Tue Jul 24 23:44:57 +0000 2018,"RT @willwarren89: 1) PSA to Facebook, Amazon, Netflix, Google and AirBnb employees: blockchains will completely reshape human civilization‚Ä¶",72,0.1779,0.909,0.0,0.091
472,@0xProject,Tue Jul 24 00:49:18 +0000 2018,"RT @ERCdEX: No Fees on ERC dEX! In support of The Paros Olympiad trading competition our Aqueduct partner, Melonport (@Melonport), has put‚Ä¶",73,0.2003,0.794,0.087,0.119
473,@0xProject,Thu Jul 19 20:23:12 +0000 2018,Find @dekz @tomhschmidt @BChillman  and @aqxu at https://t.co/HNB8qfFjdZ next week in HK üá≠üá∞ üò∏. 0x will be hosting a‚Ä¶ https://t.co/5C0ztSOKd5,74,0.0,1.0,0.0,0.0
474,@0xProject,Thu Jul 19 00:01:05 +0000 2018,Planning out the redesign for our SF office üõãÔ∏èüí∫! We're looking for more talented folks to join the 0x core team in‚Ä¶ https://t.co/5OhW5Bnhff,75,0.7257,0.775,0.0,0.225
475,@0xProject,Tue Jul 17 18:16:07 +0000 2018,"Introducing the new 0x Portal
https://t.co/uldd5J9UAs",76,0.0,1.0,0.0,0.0
476,@0xProject,Tue Jul 17 18:02:18 +0000 2018,Relayer Report #6 is out! Read more about NFTs + DEX with special guest @Flynnjamm + updates across the 0x ecosyste‚Ä¶ https://t.co/u16Q8gGfoo,77,0.4574,0.864,0.0,0.136
477,@0xProject,Mon Jul 16 20:23:02 +0000 2018,We are excited to announce that Chris Kalani has joined the 0x core team as Director of Design! Join us in extendin‚Ä¶ https://t.co/MN8HCCx67M,78,0.5983,0.811,0.0,0.189
478,@0xProject,Mon Jul 16 19:17:45 +0000 2018,"4) Learn üîç

Homepage: https://t.co/Wa2QtWSLMr
Blog: https://t.co/REJ3KW0eKG
Reddit: https://t.co/6al49VrdEM
Chat:‚Ä¶ https://t.co/a2BjI6fAVW",79,0.0,1.0,0.0,0.0
479,@0xProject,Mon Jul 16 19:17:45 +0000 2018,"3) 0x uses a modular system of Ethereum smart contracts that can be upgraded through governance ‚öñÔ∏è
https://t.co/BDCenV8j69",80,0.4019,0.856,0.0,0.144
480,@0xProject,Mon Jul 16 19:17:45 +0000 2018,"2) Our mission is to create a tokenized world where all value can flow freely üåè¬†
https://t.co/Db3pu2utxM",81,0.7506,0.619,0.0,0.381
481,@0xProject,Mon Jul 16 19:17:44 +0000 2018,1) Welcome to the 0x twitter page üëã 0x is an open protocol that facilitates peer-to-peer exchange of digital assets‚Ä¶ https://t.co/bhn2c9w3U9,82,0.4588,0.864,0.0,0.136
482,@0xProject,Thu Jul 12 20:56:38 +0000 2018,"0x developer community, please take 5 minutes to fill out our first Developer Feedback survey. Your feedback will h‚Ä¶ https://t.co/ZFJtPQdkjU",83,0.3182,0.887,0.0,0.113
483,@0xProject,Thu Jul 12 20:43:33 +0000 2018,"Any developer or team keen on buidling a relayer for @AugurProject, please join https://t.co/13SvtAAgyN and reach o‚Ä¶ https://t.co/o0eJuoaGh0",84,0.7269,0.616,0.0,0.384
484,@0xProject,Tue Jul 10 19:18:28 +0000 2018,We are excited to announce the addition of Peter Zeitz to the 0x core team! Peter will be researching on decentrali‚Ä¶ https://t.co/1mgY3y1vmU,85,0.4003,0.886,0.0,0.114
485,@0xProject,Tue Jul 03 19:57:51 +0000 2018,Create a tokenized world where all value can flow freely üåè #orderswithoutborders https://t.co/yIeyhiFKCW,86,0.7506,0.519,0.0,0.481
486,@0xProject,Tue Jul 03 17:33:29 +0000 2018,"June development updates:
‚öñÔ∏è Mission &amp; Values
üìû June dev call
üöÄ Version 2 deployed to Kovan
üß† New team members
üôè Th‚Ä¶ https://t.co/I39p34yAvL",87,0.4019,0.87,0.0,0.13
487,@0xProject,Tue Jul 03 16:29:05 +0000 2018,We are thrilled to announce that @_alexbrowne has joined the 0x core team! Join us in extending Alex a warm welcome‚Ä¶ https://t.co/TKohAQi5Dq,88,0.7424,0.712,0.0,0.288
488,@0xProject,Mon Jul 02 17:55:51 +0000 2018,"Relayer Report #5 is out! Read more about 0x's V2 Kovan Launch, Governance &amp; Token Value Conversations, and updates‚Ä¶ https://t.co/jjZsrm76Tv",89,0.4003,0.876,0.0,0.124
489,@0xProject,Thu Jun 28 21:22:51 +0000 2018,Developing on 0x or interested in using 0x v2 in the future? Join our Developer mailing list for the latest 0x prot‚Ä¶ https://t.co/UIdXb4WJiY,90,0.5994,0.811,0.0,0.189
490,@0xProject,Thu Jun 28 18:41:18 +0000 2018,"0x protocol v2 is live on Kovan! üöÄ
https://t.co/rRSC2x17e6",91,0.0,1.0,0.0,0.0
491,@0xProject,Wed Jun 27 20:36:31 +0000 2018,"As a community, we must focus on long term impact üõ†Ô∏è @TheOceanTrade https://t.co/NyagAgrCLE",92,0.0,1.0,0.0,0.0
492,@0xProject,Wed Jun 27 00:59:29 +0000 2018,"@andupotorac @RadarRelay We are here to serve, not profit: 
https://t.co/V7UEU5lJG4",93,-0.3412,0.789,0.211,0.0
493,@0xProject,Tue Jun 26 21:31:10 +0000 2018,Congrats to @RadarRelay for completing beta and putting up some impressive stats üöÄ https://t.co/AMv0g4a56V,94,0.7717,0.621,0.0,0.379
494,@0xProject,Tue Jun 26 17:24:47 +0000 2018,We have a long ways to go for dApps to be user friendly. @FetchTrading has some great ideas! https://t.co/EkN6PkrrxV,95,0.8221,0.678,0.0,0.322
495,@0xProject,Mon Jun 25 17:29:11 +0000 2018,RT @ledgerdex: We are very excited to announce that LedgerDex Beta is live! You can now access LedgerDex's web app (Beta version) from our‚Ä¶,96,0.4561,0.885,0.0,0.115
496,@0xProject,Fri Jun 22 19:22:09 +0000 2018,Please join us in welcoming Mel Oberto to the 0x team! We are thrilled to have Mel manage daily operations and help‚Ä¶ https://t.co/UNkDfIoXsF,97,0.8622,0.642,0.0,0.358
497,@0xProject,Thu Jun 21 21:36:07 +0000 2018,"@mihaithoracic @etherscan @ethplorer @RadarRelay @ddex_io @myetherwallet No problems with our contract, but maybe t‚Ä¶ https://t.co/nWRPUOoaCD",98,-0.3506,0.79,0.21,0.0
498,@0xProject,Tue Jun 19 15:11:07 +0000 2018,RT @RadarRelay: The Radar Relay beta is complete. Learn more about what this means and see some stats from our beta over on Medium: https:/‚Ä¶,99,0.0,1.0,0.0,0.0
499,@0xProject,Mon Jun 18 16:05:52 +0000 2018,RT @ledgerdex: LedgerDex is the next generation ERC20 token manager and decentralized exchange (DEX) built on top of the @0xProject. Stay t‚Ä¶,100,0.2023,0.921,0.0,0.079
